;Id da Delegacia;Número do Bo;Ano do BO;Nome da Delegacia;Data do Sinistro;Dia do Sinistro;Mês do Sinistro;Ano do Sinistro;Ano/Mês do Sinistro;Dia da Semana;Hora do Sinistro;Turno;Município;Região Administrativa;Logradouro;Númeral / KM;Jurisdição;Administração;Conservação;Tipo de local do sinistro;latitude;longitude;Tipo de via;Pedestre envolvido;Automóvel envolvido;Bicicleta envolvida;Caminhão envolvido;Motocicleta envolvida;Ônibus  envolvido;Outros veículos envolvidos;Veículo envolvido não disponível;Tempo entre o Sinistro e o Óbito;Atropelamento;Capotamento;Choque;Colisão frontal;Colisão lateral;Colisão transversal;Colisão traseira;Outras colisões;Engavetamento;Tombamento;Outros sinistros;Quantidade de vítimas fatais;Tipo de Registro
251;80504;10238;2018;DEL.SEC.MARÍLIA PLANTÃO;2018-10-22 00:00:00;22;10;2018;2018/10;SEGUNDA;15;TARDE;MARILIA;MARÍLIA;SP 333;342,859;ESTADUAL;CONCESSIONÁRIA-ARTESP;ENTREVIAS;PUBLICO;-22,29904147;-50,02275265;RODOVIAS;0;1;0;1;0;0;0;0;ATÉ 30 DIAS;0;0;0;1;0;0;0;0;0;0;0;1;SINISTRO FATAL
551;100919;9486;2022;CPJ RIBEIRAO PRETO;2022-10-08 00:00:00;8;10;2022;2022/10;SÁBADO;11;MANHA;MARILIA;MARÍLIA;SP 333;305,8;ESTADUAL;CONCESSIONÁRIA-ARTESP;ENTREVIAS;PUBLICO;-22,03511496;-49,84120373;RODOVIAS;0;1;0;1;0;0;0;0;ATÉ 30 DIAS;0;0;0;0;0;0;0;1;0;0;0;1;SINISTRO FATAL
873;80504;4894;2016;DEL.SEC.MARÍLIA PLANTÃO;2016-05-16 00:00:00;16;5;2016;2016/05;SEGUNDA;23;NOITE;MARILIA;MARÍLIA;SP 294;447;ESTADUAL;CONCESSIONÁRIA-ARTESP;EIXOSP - PIPA;PUBLICO;-22,23158232;-49,93146959;RODOVIAS;1;0;0;0;0;0;0;0;ATÉ 30 DIAS;0;0;0;0;0;0;0;0;0;0;0;1;SINISTRO FATAL
882;80504;2490;2018;DEL.SEC.MARÍLIA PLANTÃO;2018-03-11 00:00:00;11;3;2018;2018/03;DOMINGO;20;NOITE;MARILIA;MARÍLIA;SP 294;448,5;ESTADUAL;CONCESSIONÁRIA-ARTESP;EIXOSP - PIPA;PUBLICO;-22,22870059;-49,94646125;RODOVIAS;0;1;0;1;0;0;0;0;ATÉ 30 DIAS;0;0;0;0;0;0;0;1;0;0;0;1;SINISTRO FATAL
1316;80504;1007437445;2023;DEL.SEC.MARÍLIA PLANTÃO;2023-10-09 00:00:00;9;10;2023;2023/10;SEGUNDA;20;NOITE;MARILIA;MARÍLIA;AVENIDA PEDRO DE TOLÊDO;2672;MUNICIPAL;PREFEITURA;PREFEITURA;PUBLICO;-22,20078463;-49,9556436;VIAS MUNICIPAIS;1;1;0;0;0;0;0;0;ATÉ 30 DIAS;1;0;0;0;0;0;0;0;0;0;0;1;SINISTRO FATAL
1345;80504;1006730702;2023;DEL.SEC.MARÍLIA PLANTÃO;2023-08-06 00:00:00;6;8;2023;2023/08;DOMINGO;15;TARDE;MARILIA;MARÍLIA;SP 333;341,1;ESTADUAL;CONCESSIONÁRIA-ARTESP;ENTREVIAS;PUBLICO;-22,29043929;-50,01169317;RODOVIAS;0;1;0;1;0;0;0;0;ATÉ 30 DIAS;0;0;0;0;0;0;0;0;0;1;0;1;SINISTRO FATAL
1346;80504;1002343755;2022;DEL.SEC.MARÍLIA PLANTÃO;2022-08-24 00:00:00;24;8;2022;2022/08;QUARTA;1;MADRUGADA;MARILIA;MARÍLIA;AVENIDA REPUBLICA;2457;MUNICIPAL;PREFEITURA;PREFEITURA;PUBLICO;-22,20149417;-49,9545073;VIAS MUNICIPAIS;0;0;0;0;1;0;0;0;ATÉ 30 DIAS;0;0;0;0;1;0;0;0;0;0;0;1;SINISTRO FATAL
1627;80504;1052;2018;DEL.SEC.MARÍLIA PLANTÃO;2018-01-31 00:00:00;31;1;2018;2018/01;QUARTA;0;MADRUGADA;MARILIA;MARÍLIA;SP 294;446,1;ESTADUAL;CONCESSIONÁRIA-ARTESP;EIXOSP - PIPA;PUBLICO;-22,23161959;-49,92219911;RODOVIAS;1;1;0;0;0;0;0;0;ATÉ 30 DIAS;1;0;0;0;0;0;0;0;0;0;0;1;SINISTRO FATAL
1657;80504;1058;2015;DEL.SEC.MARÍLIA PLANTÃO;2015-01-30 00:00:00;30;1;2015;2015/01;SEXTA;11;MANHA;MARILIA;MARÍLIA;RUA AZIZ ATALA;0;MUNICIPAL;PREFEITURA;PREFEITURA;NAO DISPONIVEL;-22,2262303;-49,93633631;VIAS MUNICIPAIS;0;0;0;0;0;0;0;1;ATÉ 30 DIAS;0;0;0;0;0;0;0;0;0;0;0;1;SINISTRO FATAL
1723;80504;1006957477;2023;DEL.SEC.MARÍLIA PLANTÃO;2023-09-01 00:00:00;1;9;2023;2023/09;SEXTA;11;MANHA;MARILIA;MARÍLIA;AVENIDA SANCHES CIBANTOS;1;MUNICIPAL;PREFEITURA;PREFEITURA;PUBLICO;-22,18780824;-49,96079061;VIAS MUNICIPAIS;0;0;0;0;1;0;0;1;ATÉ 30 DIAS;0;0;1;0;0;0;0;0;0;0;0;1;SINISTRO FATAL
2146;100907;301;2019;DEL.SEC.SERTÃOZINHO PLANTÃO;2019-01-25 00:00:00;25;1;2019;2019/01;SEXTA;13;TARDE;MARILIA;MARÍLIA;SP 333;331,9;ESTADUAL;DER;DR07 - ASSIS;PUBLICO;-22,21820992;-49,96566456;RODOVIAS;1;0;0;1;0;0;0;0;ATÉ 30 DIAS;1;0;0;0;0;0;0;0;0;0;0;1;SINISTRO FATAL
2348;80504;11668;2015;DEL.SEC.MARÍLIA PLANTÃO;2015-11-15 00:00:00;15;11;2015;2015/11;DOMINGO;0;NAO DISPONIVEL;MARILIA;MARÍLIA;RUA AURELIO LUIS DE OLIVEIRA;604;MUNICIPAL;PREFEITURA;PREFEITURA;PUBLICO;-22,217584;-49,950529;VIAS MUNICIPAIS;1;0;0;0;0;0;0;0;ATÉ 30 DIAS;0;0;0;0;0;0;0;0;0;0;0;1;SINISTRO FATAL
2384;80504;7390;2017;DEL.SEC.MARÍLIA PLANTÃO;2017-07-05 00:00:00;5;7;2017;2017/07;QUARTA;18;NOITE;MARILIA;MARÍLIA;NAO DISPONIVEL;0;NAO DISPONIVEL;NAO DISPONIVEL;NAO DISPONIVEL;NAO DISPONIVEL;;;NAO DISPONIVEL;0;0;0;0;1;0;0;1;ATÉ 30 DIAS;0;0;0;0;0;0;0;0;0;0;0;1;SINISTRO FATAL
2434;80504;1078;2015;DEL.SEC.MARÍLIA PLANTÃO;2015-01-31 00:00:00;31;1;2015;2015/01;SÁBADO;0;MADRUGADA;MARILIA;MARÍLIA;SP 294;440;ESTADUAL;CONCESSIONÁRIA-ARTESP;EIXOSP - PIPA;PUBLICO;-22,2198682;-49,86876396;RODOVIAS;0;1;0;0;0;0;0;0;ATÉ 30 DIAS;0;0;0;0;0;0;0;0;0;0;0;1;SINISTRO FATAL
3244;80504;13666;2019;DEL.SEC.MARÍLIA PLANTÃO;2019-12-31 00:00:00;31;12;2019;2019/12;TERÇA;21;NOITE;MARILIA;MARÍLIA;AVENIDA MARIA FERNANDES CAVALARE;2399;MUNICIPAL;PREFEITURA;PREFEITURA;PUBLICO;-22,236508;-49,977956;VIAS MUNICIPAIS;1;1;0;0;0;0;0;0;ATÉ 30 DIAS;1;0;0;0;0;0;0;0;0;0;0;1;SINISTRO FATAL
3259;80504;4432;2018;DEL.SEC.MARÍLIA PLANTÃO;2018-05-06 00:00:00;6;5;2018;2018/05;DOMINGO;4;MADRUGADA;MARILIA;MARÍLIA;SP 294;461,7;ESTADUAL;CONCESSIONÁRIA-ARTESP;EIXOSP - PIPA;PUBLICO;-22,15966121;-49,99834236;RODOVIAS;0;0;0;1;1;0;0;0;ATÉ 30 DIAS;0;0;0;1;0;0;0;0;0;0;0;1;SINISTRO FATAL
3332;80504;12209;2017;DEL.SEC.MARÍLIA PLANTÃO;2017-11-09 00:00:00;9;11;2017;2017/11;QUINTA;14;TARDE;MARILIA;MARÍLIA;SP 333;319;ESTADUAL;CONCESSIONÁRIA-ARTESP;ENTREVIAS;PUBLICO;-22,11192434;-49,92577687;RODOVIAS;0;0;0;1;0;0;0;1;ATÉ 30 DIAS;0;0;0;0;0;0;0;0;0;0;0;1;SINISTRO FATAL
3600;80504;4424;2016;DEL.SEC.MARÍLIA PLANTÃO;2016-05-04 00:00:00;4;5;2016;2016/05;QUARTA;11;MANHA;MARILIA;MARÍLIA;RUA AZIZ ATALA;233;MUNICIPAL;PREFEITURA;PREFEITURA;NAO DISPONIVEL;-22,226734;-49,934707;VIAS MUNICIPAIS;0;0;0;0;0;0;0;1;ATÉ 30 DIAS;0;0;0;0;0;0;0;0;0;0;0;1;SINISTRO FATAL
3952;80504;1007149409;2023;DEL.SEC.MARÍLIA PLANTÃO;2023-09-17 00:00:00;17;9;2023;2023/09;DOMINGO;23;NOITE;MARILIA;MARÍLIA;SP 294;453;ESTADUAL;CONCESSIONÁRIA-ARTESP;ENTREVIAS;PUBLICO;-22,22068602;-49,96652563;RODOVIAS;1;1;0;0;0;0;0;0;ATÉ 30 DIAS;1;0;0;0;0;0;0;0;0;0;0;1;SINISTRO FATAL
3990;80504;1002410477;2022;DEL.SEC.MARÍLIA PLANTÃO;2022-08-29 00:00:00;29;8;2022;2022/08;SEGUNDA;18;NOITE;MARILIA;MARÍLIA;SP 294;448,55;ESTADUAL;CONCESSIONÁRIA-ARTESP;EIXOSP - PIPA;PUBLICO;-22,22886275;-49,9469434;RODOVIAS;0;0;0;1;1;0;0;0;ATÉ 30 DIAS;0;0;0;0;1;0;0;0;0;0;0;1;SINISTRO FATAL
4354;80504;4448;2017;DEL.SEC.MARÍLIA PLANTÃO;2017-04-22 00:00:00;22;4;2017;2017/04;SÁBADO;18;NOITE;MARILIA;MARÍLIA;SP 294;454,6;ESTADUAL;CONCESSIONÁRIA-ARTESP;ENTREVIAS;PUBLICO;-22,20729807;-49,96356792;RODOVIAS;0;1;0;0;1;0;0;0;ATÉ 30 DIAS;0;0;0;0;0;0;0;0;0;0;0;1;SINISTRO FATAL
4388;80504;1006593458;2023;DEL.SEC.MARÍLIA PLANTÃO;2023-08-03 00:00:00;3;8;2023;2023/08;QUINTA;20;NOITE;MARILIA;MARÍLIA;SP 294;442,4;ESTADUAL;CONCESSIONÁRIA-ARTESP;EIXOSP - PIPA;PUBLICO;-22,22324804;-49,88397298;RODOVIAS;0;1;1;0;0;0;0;0;ATÉ 30 DIAS;0;0;0;0;0;0;1;0;0;0;0;1;SINISTRO FATAL
4415;80504;11259;2017;DEL.SEC.MARÍLIA PLANTÃO;2017-10-10 00:00:00;10;10;2017;2017/10;TERÇA;0;NAO DISPONIVEL;MARILIA;MARÍLIA;NAO DISPONIVEL;0;NAO DISPONIVEL;NAO DISPONIVEL;NAO DISPONIVEL;NAO DISPONIVEL;;;NAO DISPONIVEL;1;0;1;0;0;0;0;0;ATÉ 30 DIAS;0;0;0;0;0;0;0;0;0;0;0;1;SINISTRO FATAL
4418;80504;4445;2015;DEL.SEC.MARÍLIA PLANTÃO;2015-05-03 00:00:00;3;5;2015;2015/05;DOMINGO;6;MANHA;MARILIA;MARÍLIA;AVENIDA SAMPAIO VIDAL;388;MUNICIPAL;PREFEITURA;PREFEITURA;PUBLICO;-22,21955;-49,948274;VIAS MUNICIPAIS;0;0;0;0;1;0;0;1;ATÉ 30 DIAS;0;0;1;0;0;0;0;0;0;0;0;1;SINISTRO FATAL
4552;80504;2041;2017;DEL.SEC.MARÍLIA PLANTÃO;2017-02-24 00:00:00;24;2;2017;2017/02;SEXTA;4;MADRUGADA;MARILIA;MARÍLIA;SP 333;311,4;ESTADUAL;CONCESSIONÁRIA-ARTESP;ENTREVIAS;PUBLICO;-22,07306736;-49,87365006;RODOVIAS;0;1;0;0;0;0;0;1;ATÉ 30 DIAS;0;0;0;0;0;0;0;0;0;0;0;1;SINISTRO FATAL
4704;80504;6837;2020;DEL.SEC.MARÍLIA PLANTÃO;2020-09-20 00:00:00;20;9;2020;2020/09;DOMINGO;18;NOITE;MARILIA;MARÍLIA;AVENIDA ELIÉSER ROCHA;600;MUNICIPAL;PREFEITURA;PREFEITURA;PUBLICO;-22,152016;-49,961177;VIAS MUNICIPAIS;0;1;0;0;0;0;0;1;ATÉ 30 DIAS;0;0;1;0;0;0;0;0;0;0;0;2;SINISTRO FATAL
4755;80504;8393;2020;DEL.SEC.MARÍLIA PLANTÃO;2020-10-15 00:00:00;15;10;2020;2020/10;QUINTA;0;NAO DISPONIVEL;MARILIA;MARÍLIA;NAO DISPONIVEL;0;NAO DISPONIVEL;NAO DISPONIVEL;NAO DISPONIVEL;NAO DISPONIVEL;;;NAO DISPONIVEL;1;0;0;0;0;1;0;0;ATÉ 30 DIAS;1;0;0;0;0;0;0;0;0;0;0;1;SINISTRO FATAL
5213;80504;6863;2021;DEL.SEC.MARÍLIA PLANTÃO;2021-09-07 00:00:00;7;9;2021;2021/09;TERÇA;8;MANHA;MARILIA;MARÍLIA;SP 294;450,3;ESTADUAL;CONCESSIONÁRIA-ARTESP;EIXOSP - PIPA;PUBLICO;-22,22890518;-49,96385028;RODOVIAS;0;1;0;1;0;0;0;0;ATÉ 30 DIAS;0;0;1;0;0;0;0;0;0;0;0;1;SINISTRO FATAL
5278;80504;6861;2017;DEL.SEC.MARÍLIA PLANTÃO;2017-06-22 00:00:00;22;6;2017;2017/06;QUINTA;18;NOITE;MARILIA;MARÍLIA;RUA NOVE DE JULHO;2275;MUNICIPAL;PREFEITURA;PREFEITURA;PUBLICO;-22,221371;-49,959504;VIAS MUNICIPAIS;1;1;0;0;0;0;0;0;ATÉ 30 DIAS;0;0;0;0;0;0;0;0;0;0;0;1;SINISTRO FATAL
5653;80504;7830;2021;DEL.SEC.MARÍLIA PLANTÃO;2021-10-07 00:00:00;7;10;2021;2021/10;QUINTA;22;NOITE;MARILIA;MARÍLIA;SP 294;442,15;ESTADUAL;CONCESSIONÁRIA-ARTESP;EIXOSP - PIPA;PUBLICO;-22,22330456;-49,88503074;RODOVIAS;0;1;0;0;0;0;0;0;ATÉ 30 DIAS;0;0;0;0;0;0;1;0;0;0;0;1;SINISTRO FATAL
5756;80504;12660;2018;DEL.SEC.MARÍLIA PLANTÃO;2018-12-25 00:00:00;25;12;2018;2018/12;TERÇA;15;TARDE;MARILIA;MARÍLIA;SP 294;465,8;ESTADUAL;CONCESSIONÁRIA-ARTESP;EIXOSP - PIPA;PUBLICO;-22,15910234;-50,03597942;RODOVIAS;0;1;0;1;0;0;0;0;ATÉ 30 DIAS;0;0;0;0;0;0;1;0;0;0;0;3;SINISTRO FATAL
5882;80504;2090;2022;DEL.SEC.MARÍLIA PLANTÃO;2022-03-12 00:00:00;12;3;2022;2022/03;SÁBADO;3;MADRUGADA;MARILIA;MARÍLIA;AVENIDA RIO BRANCO;642;MUNICIPAL;PREFEITURA;PREFEITURA;PUBLICO;-22,22211688;-49,95378169;VIAS MUNICIPAIS;0;1;0;0;0;0;0;0;ATÉ 30 DIAS;0;0;0;0;1;0;0;0;0;0;0;1;SINISTRO FATAL
5907;80504;1010165060;2024;DEL.SEC.MARÍLIA PLANTÃO;2024-05-02 00:00:00;2;5;2024;2024/05;QUINTA;5;MADRUGADA;MARILIA;MARÍLIA;RUA MARIÁPOLIS;549;MUNICIPAL;PREFEITURA;PREFEITURA;PUBLICO;-22,17706562;-49,96059103;VIAS MUNICIPAIS;1;0;0;0;0;0;0;1;ATÉ 30 DIAS;1;0;0;0;0;0;0;0;0;0;0;1;SINISTRO FATAL
5949;80504;7823;2018;DEL.SEC.MARÍLIA PLANTÃO;2018-08-14 00:00:00;14;8;2018;2018/08;TERÇA;6;MANHA;MARILIA;MARÍLIA;VICINAL JOSÉ AMERICO DE OLIVEIRA;111;MUNICIPAL;PREFEITURA;PREFEITURA;PUBLICO;;;VIAS MUNICIPAIS;0;1;0;0;0;0;0;1;ATÉ 30 DIAS;0;1;0;0;0;0;0;0;0;0;0;1;SINISTRO FATAL
6069;80504;9380;2017;DEL.SEC.MARÍLIA PLANTÃO;2017-08-25 00:00:00;25;8;2017;2017/08;SEXTA;4;MADRUGADA;MARILIA;MARÍLIA;SP 294;447,3;ESTADUAL;CONCESSIONÁRIA-ARTESP;EIXOSP - PIPA;PUBLICO;-22,23158232;-49,93146959;RODOVIAS;0;0;0;1;1;0;0;0;ATÉ 30 DIAS;0;0;0;0;0;0;0;0;0;0;0;1;SINISTRO FATAL
6196;80504;4481;2021;DEL.SEC.MARÍLIA PLANTÃO;2021-06-17 00:00:00;17;6;2021;2021/06;QUINTA;1;MADRUGADA;MARILIA;MARÍLIA;SP 294;445,5;ESTADUAL;CONCESSIONÁRIA-ARTESP;EIXOSP - PIPA;PUBLICO;-22,23065321;-49,9174382;RODOVIAS;1;1;0;0;0;0;0;0;ATÉ 30 DIAS;1;0;0;0;0;0;0;0;0;0;0;1;SINISTRO FATAL
6463;80504;3059;2019;DEL.SEC.MARÍLIA PLANTÃO;2019-03-26 00:00:00;26;3;2019;2019/03;TERÇA;11;MANHA;MARILIA;MARÍLIA;SP 294;462,5;ESTADUAL;CONCESSIONÁRIA-ARTESP;EIXOSP - PIPA;PUBLICO;-22,15740944;-50,00502095;RODOVIAS;1;1;0;0;0;0;0;0;ATÉ 30 DIAS;1;0;0;0;0;0;0;0;0;0;0;1;SINISTRO FATAL
6665;80504;1003418529;2022;DEL.SEC.MARÍLIA PLANTÃO;2022-11-20 00:00:00;20;11;2022;2022/11;DOMINGO;22;NOITE;MARILIA;MARÍLIA;SP 333;304,85;ESTADUAL;CONCESSIONÁRIA-ARTESP;ENTREVIAS;PUBLICO;-22,03005367;-49,83356991;RODOVIAS;0;0;0;1;1;0;0;0;ATÉ 30 DIAS;0;0;0;0;0;0;1;0;0;0;0;1;SINISTRO FATAL
6699;80504;12152;2015;DEL.SEC.MARÍLIA PLANTÃO;2015-11-28 00:00:00;28;11;2015;2015/11;SÁBADO;0;NAO DISPONIVEL;MARILIA;MARÍLIA;SP 294;464;ESTADUAL;CONCESSIONÁRIA-ARTESP;EIXOSP - PIPA;PUBLICO;-22,15722877;-50,0189621;RODOVIAS;1;0;0;0;0;0;0;0;ATÉ 30 DIAS;0;0;0;0;0;0;0;0;0;0;0;1;SINISTRO FATAL
7046;80504;610;2015;DEL.SEC.MARÍLIA PLANTÃO;2015-01-18 00:00:00;18;1;2015;2015/01;DOMINGO;0;NAO DISPONIVEL;MARILIA;MARÍLIA;RUA AZIZ ATALA;0;MUNICIPAL;PREFEITURA;PREFEITURA;PUBLICO;-22,2262303;-49,93633631;VIAS MUNICIPAIS;1;0;0;0;0;0;0;0;ATÉ 30 DIAS;0;0;0;0;0;0;0;0;0;0;0;1;SINISTRO FATAL
7067;80504;12162;2018;DEL.SEC.MARÍLIA PLANTÃO;2018-12-11 00:00:00;11;12;2018;2018/12;TERÇA;7;MANHA;MARILIA;MARÍLIA;NAO DISPONIVEL;0;NAO DISPONIVEL;NAO DISPONIVEL;NAO DISPONIVEL;NAO DISPONIVEL;;;NAO DISPONIVEL;0;0;0;0;1;0;0;1;ATÉ 30 DIAS;0;0;0;0;0;0;0;0;0;1;0;1;SINISTRO FATAL
7171;80504;10602;2015;DEL.SEC.MARÍLIA PLANTÃO;2015-10-17 00:00:00;17;10;2015;2015/10;SÁBADO;10;MANHA;MARILIA;MARÍLIA;AVENIDA VICENTE FERREIRA;885;MUNICIPAL;PREFEITURA;PREFEITURA;PUBLICO;-22,21239;-49,939298;VIAS MUNICIPAIS;1;0;0;0;0;0;0;0;ATÉ 30 DIAS;0;0;0;0;0;0;0;0;0;0;0;1;SINISTRO FATAL
7287;80504;7876;2020;DEL.SEC.MARÍLIA PLANTÃO;2020-10-19 00:00:00;19;10;2020;2020/10;SEGUNDA;7;MANHA;MARILIA;MARÍLIA;NAO DISPONIVEL;0;NAO DISPONIVEL;NAO DISPONIVEL;NAO DISPONIVEL;PUBLICO;;;NAO DISPONIVEL;0;1;0;0;0;0;0;1;ATÉ 30 DIAS;0;1;0;0;0;0;0;0;0;0;0;1;SINISTRO FATAL
7337;80504;4010;2021;DEL.SEC.MARÍLIA PLANTÃO;2021-05-28 00:00:00;28;5;2021;2021/05;SEXTA;18;NOITE;MARILIA;MARÍLIA;SP 294;462,6;ESTADUAL;CONCESSIONÁRIA-ARTESP;EIXOSP - PIPA;PUBLICO;-22,15729007;-50,00592655;RODOVIAS;1;1;0;0;0;0;0;0;ATÉ 30 DIAS;1;0;0;0;0;0;0;0;0;0;0;1;SINISTRO FATAL
7400;80504;5474;2017;DEL.SEC.MARÍLIA PLANTÃO;2017-05-18 00:00:00;18;5;2017;2017/05;QUINTA;18;NOITE;MARILIA;MARÍLIA;SP 333;306;ESTADUAL;CONCESSIONÁRIA-ARTESP;ENTREVIAS;PUBLICO;-22,03771776;-49,84512822;RODOVIAS;0;1;0;0;0;0;0;0;ATÉ 30 DIAS;0;0;0;0;0;0;0;0;0;0;0;2;SINISTRO FATAL
7623;80504;1509;2017;DEL.SEC.MARÍLIA PLANTÃO;2017-02-11 00:00:00;11;2;2017;2017/02;SÁBADO;2;MADRUGADA;MARILIA;MARÍLIA;RUA NOVE DE JULHO;395;MUNICIPAL;PREFEITURA;PREFEITURA;PUBLICO;-22,213895;-49,942256;VIAS MUNICIPAIS;0;0;0;0;1;0;0;1;ATÉ 30 DIAS;0;0;0;0;0;0;0;0;0;0;0;1;SINISTRO FATAL
7671;80504;1008224177;2023;DEL.SEC.MARÍLIA PLANTÃO;2023-11-24 00:00:00;24;11;2023;2023/11;SEXTA;17;TARDE;MARILIA;MARÍLIA;NAO DISPONIVEL;0;NAO DISPONIVEL;NAO DISPONIVEL;NAO DISPONIVEL;NAO DISPONIVEL;;;NAO DISPONIVEL;0;0;1;0;0;0;0;1;ATÉ 30 DIAS;0;0;0;0;0;0;0;0;0;0;1;1;SINISTRO FATAL
7744;80504;12148;2018;DEL.SEC.MARÍLIA PLANTÃO;2018-12-07 00:00:00;7;12;2018;2018/12;SEXTA;15;TARDE;MARILIA;MARÍLIA;AVENIDA JOAO RAMALHO;2400;MUNICIPAL;PREFEITURA;PREFEITURA;PUBLICO;-22,248586;-49,932186;VIAS MUNICIPAIS;1;0;0;0;1;0;0;0;ATÉ 30 DIAS;1;0;0;0;0;0;0;0;0;0;0;1;SINISTRO FATAL
8269;80504;668;2017;DEL.SEC.MARÍLIA PLANTÃO;2017-01-19 00:00:00;19;1;2017;2017/01;QUINTA;13;TARDE;MARILIA;MARÍLIA;AVENIDA MEN DE SA;0;MUNICIPAL;PREFEITURA;PREFEITURA;PUBLICO;-22,245454;-49,928513;VIAS MUNICIPAIS;1;0;0;0;0;1;0;0;ATÉ 30 DIAS;1;0;0;0;0;0;0;0;0;0;0;1;SINISTRO FATAL
8631;80504;3085;2019;DEL.SEC.MARÍLIA PLANTÃO;2019-03-27 00:00:00;27;3;2019;2019/03;QUARTA;4;MADRUGADA;MARILIA;MARÍLIA;SP 294;447,9;ESTADUAL;CONCESSIONÁRIA-ARTESP;EIXOSP - PIPA;PUBLICO;-22,22736654;-49,94052472;RODOVIAS;0;1;0;0;0;0;1;0;ATÉ 30 DIAS;0;0;0;0;0;0;0;0;0;0;1;1;SINISTRO FATAL
8685;80504;1001696409;2022;DEL.SEC.MARÍLIA PLANTÃO;2022-07-19 00:00:00;19;7;2022;2022/07;TERÇA;18;NOITE;MARILIA;MARÍLIA;SP 294;444,8;ESTADUAL;CONCESSIONÁRIA-ARTESP;EIXOSP - PIPA;PUBLICO;-22,22901105;-49,90987502;RODOVIAS;0;1;0;1;0;0;0;0;ATÉ 30 DIAS;1;0;0;0;0;0;0;0;0;0;0;1;SINISTRO FATAL
8936;80504;682;2020;DEL.SEC.MARÍLIA PLANTÃO;2020-01-18 00:00:00;18;1;2020;2020/01;SÁBADO;22;NOITE;MARILIA;MARÍLIA;SP 294;454;ESTADUAL;CONCESSIONÁRIA-ARTESP;ENTREVIAS;PUBLICO;-22,21241291;-49,96377318;RODOVIAS;0;0;0;0;1;0;0;0;ATÉ 30 DIAS;0;0;0;0;0;0;1;0;0;0;0;1;SINISTRO FATAL
9790;80504;1577;2020;DEL.SEC.MARÍLIA PLANTÃO;2020-02-11 00:00:00;11;2;2020;2020/02;TERÇA;6;MANHA;MARILIA;MARÍLIA;SP 333;308,05;ESTADUAL;CONCESSIONÁRIA-ARTESP;ENTREVIAS;PUBLICO;-22,04801449;-49,85839363;RODOVIAS;0;1;0;0;0;0;0;1;ATÉ 30 DIAS;0;0;0;0;0;0;0;0;0;0;1;1;SINISTRO FATAL
10071;80504;1009840956;2024;DEL.SEC.MARÍLIA PLANTÃO;2024-04-10 00:00:00;10;4;2024;2024/04;QUARTA;0;MADRUGADA;MARILIA;MARÍLIA;SP 333;345,9;ESTADUAL;CONCESSIONÁRIA-ARTESP;ENTREVIAS;PUBLICO;-22,30368057;-50,05069881;RODOVIAS;0;0;0;1;0;0;0;1;ATÉ 30 DIAS;0;0;0;0;0;0;0;0;0;1;0;1;SINISTRO FATAL
10108;80504;3969;2016;DEL.SEC.MARÍLIA PLANTÃO;2016-04-21 00:00:00;21;4;2016;2016/04;QUINTA;17;TARDE;MARILIA;MARÍLIA;SP 294;463;ESTADUAL;CONCESSIONÁRIA-ARTESP;EIXOSP - PIPA;PUBLICO;-22,15724954;-50,00952863;RODOVIAS;1;0;0;0;0;0;0;0;ATÉ 30 DIAS;0;0;0;0;0;0;0;0;0;0;0;1;SINISTRO FATAL
10150;80504;13189;2017;DEL.SEC.MARÍLIA PLANTÃO;2017-12-04 00:00:00;4;12;2017;2017/12;SEGUNDA;11;MANHA;MARILIA;MARÍLIA;SP 294;449,9;ESTADUAL;CONCESSIONÁRIA-ARTESP;EIXOSP - PIPA;PUBLICO;-22,22864203;-49,95766384;RODOVIAS;0;0;0;1;1;0;0;0;ATÉ 30 DIAS;0;0;0;0;0;0;0;0;0;0;0;1;SINISTRO FATAL
10181;80504;1003648697;2022;DEL.SEC.MARÍLIA PLANTÃO;2022-12-08 00:00:00;8;12;2022;2022/12;QUINTA;0;NAO DISPONIVEL;MARILIA;MARÍLIA;NAO DISPONIVEL;0;NAO DISPONIVEL;NAO DISPONIVEL;NAO DISPONIVEL;NAO DISPONIVEL;;;NAO DISPONIVEL;0;1;0;0;0;0;0;1;ATÉ 30 DIAS;0;0;0;0;0;0;0;0;0;0;1;1;SINISTRO FATAL
10589;80504;2533;2018;DEL.SEC.MARÍLIA PLANTÃO;2018-03-12 00:00:00;12;3;2018;2018/03;SEGUNDA;20;NOITE;MARILIA;MARÍLIA;RUA IONEU CARVALHO DOMINGOS;170;MUNICIPAL;PREFEITURA;PREFEITURA;PRIVADO;-22,263476;-49,925664;VIAS MUNICIPAIS;1;1;0;0;0;0;0;0;ATÉ 30 DIAS;1;0;0;0;0;0;0;0;0;0;0;1;SINISTRO FATAL
11768;80504;7443;2018;DEL.SEC.MARÍLIA PLANTÃO;2018-08-03 00:00:00;3;8;2018;2018/08;SEXTA;2;MADRUGADA;MARILIA;MARÍLIA;AVENIDA TIRADENTES;1400;MUNICIPAL;PREFEITURA;PREFEITURA;PUBLICO;-22,229382;-49,931113;VIAS MUNICIPAIS;0;1;0;0;0;0;0;0;ATÉ 30 DIAS;0;0;0;0;0;0;0;1;0;0;0;1;SINISTRO FATAL
11844;80504;5046;2019;DEL.SEC.MARÍLIA PLANTÃO;2019-05-17 00:00:00;17;5;2019;2019/05;SEXTA;11;MANHA;MARILIA;MARÍLIA;NAO DISPONIVEL;0;NAO DISPONIVEL;NAO DISPONIVEL;NAO DISPONIVEL;PUBLICO;;;NAO DISPONIVEL;0;0;1;0;0;0;0;1;ATÉ 30 DIAS;0;0;0;0;0;0;0;0;0;1;0;1;SINISTRO FATAL
12068;80504;2581;2018;DEL.SEC.MARÍLIA PLANTÃO;2018-03-14 00:00:00;14;3;2018;2018/03;QUARTA;13;TARDE;MARILIA;MARÍLIA;RUA NOVE DE JULHO;0;MUNICIPAL;PREFEITURA;PREFEITURA;PUBLICO;-22,217367;-49,947575;VIAS MUNICIPAIS;1;1;0;0;0;0;0;0;ATÉ 30 DIAS;1;0;0;0;0;0;0;0;0;0;0;1;SINISTRO FATAL
12152;80504;9878;2017;DEL.SEC.MARÍLIA PLANTÃO;2017-09-07 00:00:00;7;9;2017;2017/09;QUINTA;9;MANHA;MARILIA;MARÍLIA;NAO DISPONIVEL;0;NAO DISPONIVEL;NAO DISPONIVEL;NAO DISPONIVEL;NAO DISPONIVEL;;;NAO DISPONIVEL;1;0;0;0;1;0;0;0;ATÉ 30 DIAS;0;0;0;0;0;0;0;0;0;0;0;1;SINISTRO FATAL
12296;80504;5071;2016;DEL.SEC.MARÍLIA PLANTÃO;2016-05-21 00:00:00;21;5;2016;2016/05;SÁBADO;15;TARDE;MARILIA;MARÍLIA;AVENIDA BRIGADEIRO EDUARDO GOMES;1;MUNICIPAL;PREFEITURA;PREFEITURA;PUBLICO;-22,211526;-49,939038;VIAS MUNICIPAIS;1;1;0;0;0;0;0;0;ATÉ 30 DIAS;1;0;0;0;0;0;0;0;0;0;0;1;SINISTRO FATAL
12453;80504;1004899283;2023;DEL.SEC.MARÍLIA PLANTÃO;2023-03-20 00:00:00;20;3;2023;2023/03;SEGUNDA;14;TARDE;MARILIA;MARÍLIA;SP 294;465,5;ESTADUAL;CONCESSIONÁRIA-ARTESP;EIXOSP - PIPA;PUBLICO;-22,15879111;-50,03315207;RODOVIAS;0;0;0;1;1;0;0;0;ATÉ 30 DIAS;0;0;0;0;0;1;0;0;0;0;0;2;SINISTRO FATAL
12574;80504;8400;2020;DEL.SEC.MARÍLIA PLANTÃO;2020-11-05 00:00:00;5;11;2020;2020/11;QUINTA;0;NAO DISPONIVEL;MARILIA;MARÍLIA;NAO DISPONIVEL;0;NAO DISPONIVEL;NAO DISPONIVEL;NAO DISPONIVEL;PUBLICO;;;NAO DISPONIVEL;0;0;0;0;1;0;0;1;ATÉ 30 DIAS;0;0;0;0;0;0;0;0;0;1;0;1;SINISTRO FATAL
12703;80504;2561;2016;DEL.SEC.MARÍLIA PLANTÃO;2016-03-14 00:00:00;14;3;2016;2016/03;SEGUNDA;9;MANHA;MARILIA;MARÍLIA;SP 331;0;ESTADUAL;DER;DR04 - ARARAQUARA;NAO DISPONIVEL;-22,22623031;-49,93633631;RODOVIAS;0;0;0;0;0;0;0;1;ATÉ 30 DIAS;0;0;0;0;0;0;0;0;0;0;0;1;SINISTRO FATAL
12708;80504;4963;2015;DEL.SEC.MARÍLIA PLANTÃO;2015-05-17 00:00:00;17;5;2015;2015/05;DOMINGO;4;MADRUGADA;MARILIA;MARÍLIA;SP 294;458;ESTADUAL;CONCESSIONÁRIA-ARTESP;EIXOSP - PIPA;PUBLICO;-22,17852579;-49,97178973;RODOVIAS;0;1;0;0;0;0;0;0;ATÉ 30 DIAS;0;0;0;0;0;0;0;0;0;0;0;1;SINISTRO FATAL
12771;80504;1009696437;2024;DEL.SEC.MARÍLIA PLANTÃO;2024-03-30 00:00:00;30;3;2024;2024/03;SÁBADO;20;NOITE;MARILIA;MARÍLIA;SP 294;463;ESTADUAL;CONCESSIONÁRIA-ARTESP;EIXOSP - PIPA;PUBLICO;-22,15725648;-50,00958307;RODOVIAS;0;1;0;0;0;0;1;0;ATÉ 30 DIAS;1;0;0;0;0;0;0;0;0;0;0;1;SINISTRO FATAL
12983;80504;8431;2021;DEL.SEC.MARÍLIA PLANTÃO;2021-10-29 00:00:00;29;10;2021;2021/10;SEXTA;12;TARDE;MARILIA;MARÍLIA;BR 153;228;FEDERAL;CONCESSIONÁRIA-ANTT;TRANSBRASILIANA;PUBLICO;-22,06737665;-49,90179104;RODOVIAS;0;1;0;0;1;0;0;0;ATÉ 30 DIAS;0;0;0;0;0;0;1;0;0;0;0;1;SINISTRO FATAL
13015;80504;7494;2018;DEL.SEC.MARÍLIA PLANTÃO;2018-07-26 00:00:00;26;7;2018;2018/07;QUINTA;15;TARDE;MARILIA;MARÍLIA;NAO DISPONIVEL;0;NAO DISPONIVEL;NAO DISPONIVEL;NAO DISPONIVEL;NAO DISPONIVEL;;;NAO DISPONIVEL;1;0;0;0;0;0;0;1;ATÉ 30 DIAS;1;0;0;0;0;0;0;0;0;0;0;1;SINISTRO FATAL
13139;80504;5093;2017;DEL.SEC.MARÍLIA PLANTÃO;2017-05-09 00:00:00;9;5;2017;2017/05;TERÇA;0;NAO DISPONIVEL;MARILIA;MARÍLIA;NAO DISPONIVEL;0;NAO DISPONIVEL;NAO DISPONIVEL;NAO DISPONIVEL;PUBLICO;;;NAO DISPONIVEL;0;0;0;0;0;0;1;0;ATÉ 30 DIAS;0;0;0;0;0;0;0;0;0;0;0;1;SINISTRO FATAL
13179;80504;4990;2022;DEL.SEC.MARÍLIA PLANTÃO;2022-06-10 00:00:00;10;6;2022;2022/06;SEXTA;20;NOITE;MARILIA;MARÍLIA;SP 333;305;ESTADUAL;CONCESSIONÁRIA-ARTESP;ENTREVIAS;PUBLICO;-22,03085282;-49,83477525;RODOVIAS;0;0;0;1;0;0;0;1;ATÉ 30 DIAS;0;1;0;0;0;0;0;0;0;0;0;1;SINISTRO FATAL
13331;80504;3529;2021;DEL.SEC.MARÍLIA PLANTÃO;2021-05-11 00:00:00;11;5;2021;2021/05;TERÇA;7;MANHA;MARILIA;MARÍLIA;AVENIDA SANCHES CIBANTOS;34;MUNICIPAL;PREFEITURA;PREFEITURA;PUBLICO;-22,19127919;-49,95998279;VIAS MUNICIPAIS;1;0;0;0;1;0;0;0;ATÉ 30 DIAS;1;0;0;0;0;0;0;0;0;0;0;1;SINISTRO FATAL
13381;80504;5089;2019;DEL.SEC.MARÍLIA PLANTÃO;2019-05-19 00:00:00;19;5;2019;2019/05;DOMINGO;18;NOITE;MARILIA;MARÍLIA;AVENIDA REPÚBLICA;7500;MUNICIPAL;PREFEITURA;PREFEITURA;PUBLICO;-22,167107;-49,987585;VIAS MUNICIPAIS;0;1;1;0;0;0;0;0;ATÉ 30 DIAS;0;0;0;0;0;0;0;1;0;0;0;1;SINISTRO FATAL
13425;80504;12779;2018;DEL.SEC.MARÍLIA PLANTÃO;2018-12-30 00:00:00;30;12;2018;2018/12;DOMINGO;2;MADRUGADA;MARILIA;MARÍLIA;AVENIDA RIO BRANCO;1255;MUNICIPAL;PREFEITURA;PREFEITURA;PUBLICO;-22,224262;-49,959725;VIAS MUNICIPAIS;0;0;0;0;1;0;0;1;ATÉ 30 DIAS;0;0;0;0;0;0;0;0;0;1;0;1;SINISTRO FATAL
13743;80504;5959;2015;DEL.SEC.MARÍLIA PLANTÃO;2015-06-14 00:00:00;14;6;2015;2015/06;DOMINGO;14;TARDE;MARILIA;MARÍLIA;AVENIDA DAS ESMERALDAS;1329;MUNICIPAL;PREFEITURA;PREFEITURA;PUBLICO;-22,227688;-49,92746;VIAS MUNICIPAIS;0;0;0;0;1;0;0;0;ATÉ 30 DIAS;0;0;0;0;0;0;0;0;0;0;0;1;SINISTRO FATAL
13842;80504;12749;2018;DEL.SEC.MARÍLIA PLANTÃO;2018-12-28 00:00:00;28;12;2018;2018/12;SEXTA;14;TARDE;MARILIA;MARÍLIA;RUA AZIZ ATALA;0;MUNICIPAL;PREFEITURA;PREFEITURA;PUBLICO;-22,22623031;-49,93633631;VIAS MUNICIPAIS;0;0;1;0;0;0;0;1;ATÉ 30 DIAS;0;0;0;0;0;0;0;0;0;1;0;1;SINISTRO FATAL
13895;80504;278;2021;DEL.SEC.MARÍLIA PLANTÃO;2021-01-10 00:00:00;10;1;2021;2021/01;DOMINGO;16;TARDE;MARILIA;MARÍLIA;NAO DISPONIVEL;0;NAO DISPONIVEL;NAO DISPONIVEL;NAO DISPONIVEL;NAO DISPONIVEL;;;NAO DISPONIVEL;0;0;1;0;0;0;0;1;ATÉ 30 DIAS;0;0;0;0;0;0;0;0;0;1;0;1;SINISTRO FATAL
13922;80504;1006328477;2023;DEL.SEC.MARÍLIA PLANTÃO;2023-07-13 00:00:00;13;7;2023;2023/07;QUINTA;9;MANHA;MARILIA;MARÍLIA;AVENIDA JOSÉ DA SILVA NOGUEIRA JÚNIOR;800;MUNICIPAL;PREFEITURA;PREFEITURA;PUBLICO;-22,22444148;-49,97291317;VIAS MUNICIPAIS;0;0;0;1;1;0;0;0;ATÉ 30 DIAS;0;0;0;0;0;0;0;0;0;1;0;1;SINISTRO FATAL
13963;80504;12765;2015;DEL.SEC.MARÍLIA PLANTÃO;2015-12-15 00:00:00;15;12;2015;2015/12;TERÇA;20;NOITE;MARILIA;MARÍLIA;RUA AZIZ ATALA;0;MUNICIPAL;PREFEITURA;PREFEITURA;PUBLICO;-22,226039;-49,935914;VIAS MUNICIPAIS;0;0;0;1;0;0;0;0;ATÉ 30 DIAS;0;0;0;0;0;0;0;0;0;0;1;1;SINISTRO FATAL
14142;80504;1006968319;2023;DEL.SEC.MARÍLIA PLANTÃO;2023-09-02 00:00:00;2;9;2023;2023/09;SÁBADO;12;TARDE;MARILIA;MARÍLIA;BR 153;258;FEDERAL;CONCESSIONÁRIA-ANTT;TRANSBRASILIANA;PUBLICO;-22,25444748;-49,92180933;RODOVIAS;0;1;0;1;0;0;0;0;ATÉ 30 DIAS;0;0;0;1;0;0;0;0;0;0;0;1;SINISTRO FATAL
14659;80504;3579;2021;DEL.SEC.MARÍLIA PLANTÃO;2021-02-13 00:00:00;13;2;2021;2021/02;SÁBADO;0;NAO DISPONIVEL;MARILIA;MARÍLIA;NAO DISPONIVEL;0;NAO DISPONIVEL;NAO DISPONIVEL;NAO DISPONIVEL;NAO DISPONIVEL;;;NAO DISPONIVEL;0;0;0;0;0;0;0;1;MAIS DE 30 DIAS;0;0;0;0;0;0;0;0;0;0;1;1;SINISTRO FATAL
14818;80504;9406;2015;DEL.SEC.MARÍLIA PLANTÃO;2015-09-16 00:00:00;16;9;2015;2015/09;QUARTA;19;NOITE;MARILIA;MARÍLIA;SP 333;324;ESTADUAL;CONCESSIONÁRIA-ARTESP;ENTREVIAS;PUBLICO;-22,14514717;-49,95133589;RODOVIAS;1;0;0;0;0;0;0;0;ATÉ 30 DIAS;0;0;0;0;0;0;0;0;0;0;0;1;SINISTRO FATAL
14828;80504;1001787407;2022;DEL.SEC.MARÍLIA PLANTÃO;2022-07-25 00:00:00;25;7;2022;2022/07;SEGUNDA;7;MANHA;MARILIA;MARÍLIA;RUA HERMES DA FONSECA;5;MUNICIPAL;PREFEITURA;PREFEITURA;PUBLICO;-22,19864591;-49,95009217;VIAS MUNICIPAIS;1;0;0;0;0;1;0;0;ATÉ 30 DIAS;1;0;0;0;0;0;0;0;0;0;0;1;SINISTRO FATAL
14862;80504;6905;2015;DEL.SEC.MARÍLIA PLANTÃO;2015-07-11 00:00:00;11;7;2015;2015/07;SÁBADO;11;MANHA;MARILIA;MARÍLIA;RUA AZIZ ATALA;1;MUNICIPAL;PREFEITURA;PREFEITURA;NAO DISPONIVEL;-22,22623031;-49,93633631;VIAS MUNICIPAIS;0;1;0;0;0;0;0;0;ATÉ 30 DIAS;0;0;0;0;0;0;0;0;0;0;0;1;SINISTRO FATAL
14918;80504;8465;2018;DEL.SEC.MARÍLIA PLANTÃO;2018-08-31 00:00:00;31;8;2018;2018/08;SEXTA;23;NOITE;MARILIA;MARÍLIA;SP 294;467,1;ESTADUAL;CONCESSIONÁRIA-ARTESP;EIXOSP - PIPA;PUBLICO;-22,160451;-50,0482313;RODOVIAS;0;1;0;1;0;0;0;0;ATÉ 30 DIAS;0;0;0;0;0;0;1;0;0;0;0;1;SINISTRO FATAL
15030;80504;2105;2016;DEL.SEC.MARÍLIA PLANTÃO;2016-02-29 00:00:00;29;2;2016;2016/02;SEGUNDA;17;TARDE;MARILIA;MARÍLIA;RUA NOVE DE JULHO;905;MUNICIPAL;PREFEITURA;PREFEITURA;PUBLICO;-22,216683;-49,946109;VIAS MUNICIPAIS;1;0;0;0;0;1;0;0;ATÉ 30 DIAS;1;0;0;0;0;0;0;0;0;0;0;1;SINISTRO FATAL
15111;80504;1008034466;2023;DEL.SEC.MARÍLIA PLANTÃO;2023-11-24 00:00:00;24;11;2023;2023/11;SEXTA;23;NOITE;MARILIA;MARÍLIA;AVENIDA JOSÉ CARLOS SANCHES CIBANTOS;412;MUNICIPAL;PREFEITURA;PREFEITURA;PUBLICO;-22,18713624;-49,96652692;VIAS MUNICIPAIS;0;0;0;0;1;0;0;1;ATÉ 30 DIAS;0;0;1;0;0;0;0;0;0;0;0;1;SINISTRO FATAL
15320;80504;10300;2021;DEL.SEC.MARÍLIA PLANTÃO;2021-12-31 00:00:00;31;12;2021;2021/12;SEXTA;16;TARDE;MARILIA;MARÍLIA;AVENIDA SILVIO MENDONÇA;331;MUNICIPAL;PREFEITURA;PREFEITURA;PUBLICO;-22,1652174;-50,01548502;VIAS MUNICIPAIS;0;0;0;0;1;0;0;0;ATÉ 30 DIAS;0;0;1;0;0;0;0;0;0;0;0;1;SINISTRO FATAL
15358;80504;8497;2018;DEL.SEC.MARÍLIA PLANTÃO;2018-09-02 00:00:00;2;9;2018;2018/09;DOMINGO;19;NOITE;MARILIA;MARÍLIA;SP 294;445,3;ESTADUAL;CONCESSIONÁRIA-ARTESP;EIXOSP - PIPA;PUBLICO;-22,23019362;-49,9152752;RODOVIAS;1;1;0;0;0;0;0;0;ATÉ 30 DIAS;1;0;0;0;0;0;0;0;0;0;0;1;SINISTRO FATAL
15424;80504;1007923394;2023;DEL.SEC.MARÍLIA PLANTÃO;2023-11-16 00:00:00;16;11;2023;2023/11;QUINTA;12;TARDE;MARILIA;MARÍLIA;SP 294;453,3;ESTADUAL;CONCESSIONÁRIA-ARTESP;ENTREVIAS;PUBLICO;-22,21820992;-49,96566456;RODOVIAS;0;1;0;0;1;0;0;0;ATÉ 30 DIAS;0;0;0;0;0;0;1;0;0;0;0;1;SINISTRO FATAL
15468;80504;6093;2015;DEL.SEC.MARÍLIA PLANTÃO;2015-06-17 00:00:00;17;6;2015;2015/06;QUARTA;16;TARDE;MARILIA;MARÍLIA;AVENIDA SAMPAIO VIDAL;855;MUNICIPAL;PREFEITURA;PREFEITURA;PUBLICO;-22,215413;-49,949336;VIAS MUNICIPAIS;1;0;0;0;0;0;0;0;ATÉ 30 DIAS;0;0;0;0;0;0;0;0;0;0;0;1;SINISTRO FATAL
15490;80504;4531;2021;DEL.SEC.MARÍLIA PLANTÃO;2021-06-18 00:00:00;18;6;2021;2021/06;SEXTA;7;MANHA;MARILIA;MARÍLIA;NAO DISPONIVEL;0;NAO DISPONIVEL;NAO DISPONIVEL;NAO DISPONIVEL;NAO DISPONIVEL;;;NAO DISPONIVEL;0;0;0;0;0;0;0;1;ATÉ 30 DIAS;0;0;0;0;0;0;0;0;0;0;1;1;SINISTRO FATAL
16210;80504;6954;2018;DEL.SEC.MARÍLIA PLANTÃO;2018-07-21 00:00:00;21;7;2018;2018/07;SÁBADO;16;TARDE;MARILIA;MARÍLIA;SP 333;338,15;ESTADUAL;CONCESSIONÁRIA-ARTESP;ENTREVIAS;PUBLICO;-22,26731599;-49,99759841;RODOVIAS;0;1;0;0;0;0;0;0;ATÉ 30 DIAS;0;0;0;1;0;0;0;0;0;0;0;1;SINISTRO FATAL
16224;80504;4552;2017;DEL.SEC.MARÍLIA PLANTÃO;2017-04-25 00:00:00;25;4;2017;2017/04;TERÇA;19;NOITE;MARILIA;MARÍLIA;SP 294;446;ESTADUAL;CONCESSIONÁRIA-ARTESP;EIXOSP - PIPA;PUBLICO;-22,23168431;-49,92254834;RODOVIAS;1;0;0;1;0;0;0;0;ATÉ 30 DIAS;0;0;0;0;0;0;0;0;0;0;0;1;SINISTRO FATAL
16408;80214;9096;2016;02º D.P. MARÍLIA;2016-09-11 00:00:00;11;9;2016;2016/09;DOMINGO;3;MADRUGADA;MARILIA;MARÍLIA;AVENIDA HIGINO MUZI FILHO;0;MUNICIPAL;PREFEITURA;PREFEITURA;PUBLICO;-22,233049;-49,969043;VIAS MUNICIPAIS;0;1;0;0;0;0;0;0;ATÉ 30 DIAS;0;0;0;0;0;0;0;0;0;0;0;1;SINISTRO FATAL
16547;80504;6941;2015;DEL.SEC.MARÍLIA PLANTÃO;2015-07-12 00:00:00;12;7;2015;2015/07;DOMINGO;22;NOITE;MARILIA;MARÍLIA;SP 294;443,25;ESTADUAL;CONCESSIONÁRIA-ARTESP;EIXOSP - PIPA;PUBLICO;-22,24839313;-49,9455328;RODOVIAS;0;1;0;0;0;0;0;0;ATÉ 30 DIAS;0;0;0;0;0;0;0;0;0;0;0;1;SINISTRO FATAL
17099;80504;2170;2018;DEL.SEC.MARÍLIA PLANTÃO;2018-03-02 00:00:00;2;3;2018;2018/03;SEXTA;22;NOITE;MARILIA;MARÍLIA;SP 333;316;ESTADUAL;CONCESSIONÁRIA-ARTESP;ENTREVIAS;PUBLICO;-22,09337998;-49,91308672;RODOVIAS;0;1;0;1;0;0;0;0;ATÉ 30 DIAS;0;0;0;1;0;0;0;0;0;0;0;1;SINISTRO FATAL
17130;80504;4571;2016;DEL.SEC.MARÍLIA PLANTÃO;2016-05-08 00:00:00;8;5;2016;2016/05;DOMINGO;12;TARDE;MARILIA;MARÍLIA;BR 153;226;MUNICIPAL;PREFEITURA;PREFEITURA;PUBLICO;-22,04911802;-49,90308673;VIAS MUNICIPAIS;0;1;0;0;0;0;0;0;ATÉ 30 DIAS;0;0;0;0;0;0;0;0;0;0;0;1;SINISTRO FATAL
17227;80504;1008430718;2023;DEL.SEC.MARÍLIA PLANTÃO;2023-12-25 00:00:00;25;12;2023;2023/12;SEGUNDA;2;MADRUGADA;MARILIA;MARÍLIA;SP 294;459;ESTADUAL;CONCESSIONÁRIA-ARTESP;EIXOSP - PIPA;PUBLICO;-22,17501556;-49,9790207;RODOVIAS;0;0;0;0;1;0;0;1;ATÉ 30 DIAS;0;0;0;0;0;0;0;0;0;0;1;1;SINISTRO FATAL
17283;80504;9465;2017;DEL.SEC.MARÍLIA PLANTÃO;2017-08-27 00:00:00;27;8;2017;2017/08;DOMINGO;18;NOITE;MARILIA;MARÍLIA;AVENIDA REPUBLICA;0;MUNICIPAL;PREFEITURA;PREFEITURA;PUBLICO;-22,182772;-49,961757;VIAS MUNICIPAIS;0;0;0;1;1;0;0;0;ATÉ 30 DIAS;0;0;0;0;0;0;0;0;0;0;0;1;SINISTRO FATAL
17302;80504;3109;2017;DEL.SEC.MARÍLIA PLANTÃO;2017-03-21 00:00:00;21;3;2017;2017/03;TERÇA;20;NOITE;MARILIA;MARÍLIA;SP 333;334;ESTADUAL;CONCESSIONÁRIA-ARTESP;ENTREVIAS;PUBLICO;-22,23903183;-49,97530769;RODOVIAS;0;0;0;1;1;0;0;0;ATÉ 30 DIAS;0;0;0;0;0;0;0;0;0;0;0;1;SINISTRO FATAL
17353;80504;6964;2015;DEL.SEC.MARÍLIA PLANTÃO;2015-07-13 00:00:00;13;7;2015;2015/07;SEGUNDA;11;MANHA;MARILIA;MARÍLIA;RUA AZIZ ATALA;0;MUNICIPAL;PREFEITURA;PREFEITURA;PUBLICO;-22,22623031;-49,93633631;VIAS MUNICIPAIS;0;0;0;0;0;0;0;1;ATÉ 30 DIAS;0;0;0;0;0;0;0;0;0;0;0;1;SINISTRO FATAL
17435;80504;3144;2017;DEL.SEC.MARÍLIA PLANTÃO;2017-03-22 00:00:00;22;3;2017;2017/03;QUARTA;15;TARDE;MARILIA;MARÍLIA;SP 294;459,2;ESTADUAL;CONCESSIONÁRIA-ARTESP;EIXOSP - PIPA;PUBLICO;-22,17732482;-49,97420325;RODOVIAS;0;1;0;0;0;0;0;0;ATÉ 30 DIAS;0;0;0;0;0;0;0;0;0;0;0;1;SINISTRO FATAL
17590;80504;1010720505;2024;DEL.SEC.MARÍLIA PLANTÃO;2024-06-09 00:00:00;9;6;2024;2024/06;DOMINGO;17;TARDE;MARILIA;MARÍLIA;SP 294;458;ESTADUAL;CONCESSIONÁRIA-ARTESP;EIXOSP - PIPA;PUBLICO;-22,1796933;-49,97230779;RODOVIAS;0;1;0;1;0;0;0;0;ATÉ 30 DIAS;0;0;0;0;0;0;1;0;0;0;0;1;SINISTRO FATAL
17761;80504;5539;2020;DEL.SEC.MARÍLIA PLANTÃO;2020-08-02 00:00:00;2;8;2020;2020/08;DOMINGO;19;NOITE;MARILIA;MARÍLIA;SP 294;465,05;ESTADUAL;CONCESSIONÁRIA-ARTESP;EIXOSP - PIPA;PUBLICO;-22,15832427;-50,02891103;RODOVIAS;1;1;0;0;0;0;0;0;ATÉ 30 DIAS;1;0;0;0;0;0;0;0;0;0;0;1;SINISTRO FATAL
17863;80504;1009190855;2024;DEL.SEC.MARÍLIA PLANTÃO;2024-02-22 00:00:00;22;2;2024;2024/02;QUINTA;12;TARDE;MARILIA;MARÍLIA;SP 333;317;ESTADUAL;CONCESSIONÁRIA-ARTESP;ENTREVIAS;PUBLICO;-22,09944125;-49,91769869;RODOVIAS;0;1;0;1;0;0;0;0;ATÉ 30 DIAS;0;0;1;0;0;0;0;0;0;0;0;1;SINISTRO FATAL
18153;80504;9482;2021;DEL.SEC.MARÍLIA PLANTÃO;2021-12-05 00:00:00;5;12;2021;2021/12;DOMINGO;1;MADRUGADA;MARILIA;MARÍLIA;RUA DEMERVAL PEREIRA;415;MUNICIPAL;PREFEITURA;PREFEITURA;PUBLICO;-22,14439232;-49,95459993;VIAS MUNICIPAIS;0;1;0;0;0;0;0;1;ATÉ 30 DIAS;0;0;1;0;0;0;0;0;0;0;0;1;SINISTRO FATAL
18252;80504;5564;2021;DEL.SEC.MARÍLIA PLANTÃO;2021-07-25 00:00:00;25;7;2021;2021/07;DOMINGO;19;NOITE;MARILIA;MARÍLIA;SP 294;445,6;ESTADUAL;CONCESSIONÁRIA-ARTESP;EIXOSP - PIPA;PUBLICO;-22,230883;-49,9185197;RODOVIAS;1;1;0;0;0;0;0;0;ATÉ 30 DIAS;1;0;0;0;0;0;0;0;0;0;0;1;SINISTRO FATAL
18268;80504;5566;2015;DEL.SEC.MARÍLIA PLANTÃO;2015-06-03 00:00:00;3;6;2015;2015/06;QUARTA;9;MANHA;MARILIA;MARÍLIA;RUA AZIZ ATALA;1;MUNICIPAL;PREFEITURA;PREFEITURA;NAO DISPONIVEL;-22,226039;-49,935914;VIAS MUNICIPAIS;0;0;0;0;0;0;1;0;ATÉ 30 DIAS;0;0;0;0;0;0;0;0;0;0;0;1;SINISTRO FATAL
18546;80504;7956;2015;DEL.SEC.MARÍLIA PLANTÃO;2015-08-09 00:00:00;9;8;2015;2015/08;DOMINGO;17;TARDE;MARILIA;MARÍLIA;SP 294;446;ESTADUAL;CONCESSIONÁRIA-ARTESP;EIXOSP - PIPA;PUBLICO;-22,23161959;-49,92219911;RODOVIAS;1;0;0;0;0;0;0;0;ATÉ 30 DIAS;0;0;0;0;0;0;0;0;0;0;0;1;SINISTRO FATAL
18551;80504;8058;2015;DEL.SEC.MARÍLIA PLANTÃO;2015-08-11 00:00:00;11;8;2015;2015/08;TERÇA;14;TARDE;MARILIA;MARÍLIA;SP 333;349;ESTADUAL;CONCESSIONÁRIA-ARTESP;ENTREVIAS;PUBLICO;-22,31383695;-50,07561515;RODOVIAS;0;1;0;0;0;0;0;0;ATÉ 30 DIAS;0;0;0;0;0;0;0;0;0;0;0;2;SINISTRO FATAL
19094;80504;12289;2018;DEL.SEC.MARÍLIA PLANTÃO;2018-12-14 00:00:00;14;12;2018;2018/12;SEXTA;22;NOITE;MARILIA;MARÍLIA;SP 294;467,2;ESTADUAL;CONCESSIONÁRIA-ARTESP;EIXOSP - PIPA;PUBLICO;-22,16055474;-50,04917375;RODOVIAS;0;1;0;0;0;0;0;1;ATÉ 30 DIAS;0;1;0;0;0;0;0;0;0;0;0;1;SINISTRO FATAL
19345;80504;10721;2016;DEL.SEC.MARÍLIA PLANTÃO;2016-10-26 00:00:00;26;10;2016;2016/10;QUARTA;20;NOITE;MARILIA;MARÍLIA;SP 333;340,1;ESTADUAL;CONCESSIONÁRIA-ARTESP;ENTREVIAS;PUBLICO;-22,28281896;-50,00521265;RODOVIAS;0;0;0;1;0;0;0;0;ATÉ 30 DIAS;0;0;0;0;0;0;0;0;0;0;0;1;SINISTRO FATAL
19821;80504;4148;2021;DEL.SEC.MARÍLIA PLANTÃO;2021-06-03 00:00:00;3;6;2021;2021/06;QUINTA;15;TARDE;MARILIA;MARÍLIA;AVENIDA SANTO ANTÔNIO;1800;MUNICIPAL;PREFEITURA;PREFEITURA;PUBLICO;-22,20864861;-49,95675126;VIAS MUNICIPAIS;0;1;0;0;1;0;0;0;ATÉ 30 DIAS;0;0;0;0;1;0;0;0;0;0;0;1;SINISTRO FATAL
20329;80504;5591;2019;DEL.SEC.MARÍLIA PLANTÃO;2019-05-31 00:00:00;31;5;2019;2019/05;SEXTA;16;TARDE;MARILIA;MARÍLIA;AVENIDA SAMPAIO VIDAL;1;MUNICIPAL;PREFEITURA;PREFEITURA;PUBLICO;-22,16148449;-49,99461314;VIAS MUNICIPAIS;0;1;0;0;0;0;0;1;ATÉ 30 DIAS;0;0;1;0;0;0;0;0;0;0;0;1;SINISTRO FATAL
20449;80504;9029;2016;DEL.SEC.MARÍLIA PLANTÃO;2016-09-08 00:00:00;8;9;2016;2016/09;QUINTA;20;NOITE;MARILIA;MARÍLIA;SP 294;445;ESTADUAL;CONCESSIONÁRIA-ARTESP;EIXOSP - PIPA;PUBLICO;-22,22949092;-49,91203201;RODOVIAS;1;0;0;0;0;0;0;0;ATÉ 30 DIAS;0;0;0;0;0;0;0;0;0;0;0;1;SINISTRO FATAL
20720;80504;1009436809;2024;DEL.SEC.MARÍLIA PLANTÃO;2024-02-27 00:00:00;27;2;2024;2024/02;TERÇA;6;MANHA;MARILIA;MARÍLIA;AVENIDA SAMPAIO VIDAL;1751;MUNICIPAL;PREFEITURA;PREFEITURA;PUBLICO;-22,2368507;-49,9386634;VIAS MUNICIPAIS;0;1;0;0;1;0;0;0;ATÉ 30 DIAS;0;0;0;0;0;0;0;1;0;0;0;1;SINISTRO FATAL
21052;80504;785;2016;DEL.SEC.MARÍLIA PLANTÃO;2016-01-24 00:00:00;24;1;2016;2016/01;DOMINGO;18;NOITE;MARILIA;MARÍLIA;SPA 458/294;451;MUNICIPAL;PREFEITURA;PREFEITURA;PUBLICO;-22,18298771;-49,96339393;VIAS MUNICIPAIS;1;0;0;0;0;0;0;0;ATÉ 30 DIAS;0;0;0;0;0;0;0;0;0;0;0;1;SINISTRO FATAL
21278;80504;9048;2021;DEL.SEC.MARÍLIA PLANTÃO;2021-11-19 00:00:00;19;11;2021;2021/11;SEXTA;23;NOITE;MARILIA;MARÍLIA;SP 333;320;ESTADUAL;CONCESSIONÁRIA-ARTESP;ENTREVIAS;PUBLICO;-22,1184913;-49,93011041;RODOVIAS;0;0;0;0;1;0;0;0;ATÉ 30 DIAS;0;0;0;0;0;0;1;0;0;0;0;1;SINISTRO FATAL
21295;80504;1007454521;2023;DEL.SEC.MARÍLIA PLANTÃO;2023-10-10 00:00:00;10;10;2023;2023/10;TERÇA;18;NOITE;MARILIA;MARÍLIA;BR 153;255,4;FEDERAL;CONCESSIONÁRIA-ANTT;TRANSBRASILIANA;PUBLICO;-22,23392199;-49,9188591;RODOVIAS;0;1;0;0;1;0;0;0;ATÉ 30 DIAS;0;0;0;0;0;0;1;0;0;0;0;1;SINISTRO FATAL
21428;80504;8984;2021;DEL.SEC.MARÍLIA PLANTÃO;2021-11-17 00:00:00;17;11;2021;2021/11;QUARTA;18;NOITE;MARILIA;MARÍLIA;NAO DISPONIVEL;0;NAO DISPONIVEL;NAO DISPONIVEL;NAO DISPONIVEL;NAO DISPONIVEL;;;NAO DISPONIVEL;0;1;0;0;0;0;0;1;ATÉ 30 DIAS;0;0;0;0;0;0;0;0;0;0;1;1;SINISTRO FATAL
21439;80504;8984;2022;DEL.SEC.MARÍLIA PLANTÃO;2022-10-16 00:00:00;16;10;2022;2022/10;DOMINGO;23;NOITE;MARILIA;MARÍLIA;RUA DERMÂNIO DA SILVA LIMA;287;MUNICIPAL;PREFEITURA;PREFEITURA;PUBLICO;-22,19295577;-49,95439422;VIAS MUNICIPAIS;0;0;0;0;1;0;0;1;MAIS DE 30 DIAS;0;0;0;0;0;0;0;0;0;1;0;1;SINISTRO FATAL
21940;80504;4175;2018;DEL.SEC.MARÍLIA PLANTÃO;2018-04-28 00:00:00;28;4;2018;2018/04;SÁBADO;2;MADRUGADA;MARILIA;MARÍLIA;SP 333;326,1;ESTADUAL;CONCESSIONÁRIA-ARTESP;ENTREVIAS;PUBLICO;-22,168088;-49,965291;RODOVIAS;0;1;0;0;1;0;0;0;ATÉ 30 DIAS;0;0;0;0;0;0;1;0;0;0;0;1;SINISTRO FATAL
22070;80504;1672;2022;DEL.SEC.MARÍLIA PLANTÃO;2022-02-28 00:00:00;28;2;2022;2022/02;SEGUNDA;4;MADRUGADA;MARILIA;MARÍLIA;SP 294;446;ESTADUAL;CONCESSIONÁRIA-ARTESP;EIXOSP - PIPA;PUBLICO;-22,23167689;-49,92251105;RODOVIAS;0;1;0;0;1;0;0;0;ATÉ 30 DIAS;0;0;0;1;0;0;0;0;0;0;0;2;SINISTRO FATAL
22136;80504;9948;2017;DEL.SEC.MARÍLIA PLANTÃO;2017-09-09 00:00:00;9;9;2017;2017/09;SÁBADO;23;NOITE;MARILIA;MARÍLIA;AVENIDA SAMPAIO VIDAL;147;MUNICIPAL;PREFEITURA;PREFEITURA;PUBLICO;-22,230051;-49,942994;VIAS MUNICIPAIS;1;0;0;0;1;0;0;0;ATÉ 30 DIAS;0;0;0;0;0;0;0;0;0;0;0;1;SINISTRO FATAL
22223;80504;5149;2019;DEL.SEC.MARÍLIA PLANTÃO;2019-05-11 00:00:00;11;5;2019;2019/05;SÁBADO;6;MANHA;MARILIA;MARÍLIA;RUA HENRIQUE DIAS;1058;MUNICIPAL;PREFEITURA;PREFEITURA;PUBLICO;-22,201947;-49,950159;VIAS MUNICIPAIS;0;0;0;0;1;0;0;1;ATÉ 30 DIAS;0;0;0;0;0;0;0;0;0;0;1;1;SINISTRO FATAL
22280;80504;1011106999;2024;DEL.SEC.MARÍLIA PLANTÃO;2024-07-04 00:00:00;4;7;2024;2024/07;QUINTA;7;MANHA;MARILIA;MARÍLIA;SP 294;453,3;ESTADUAL;CONCESSIONÁRIA-ARTESP;ENTREVIAS;PUBLICO;-22,21943051;-49,96610074;RODOVIAS;0;1;0;1;0;0;0;0;ATÉ 30 DIAS;0;0;0;1;0;0;0;0;0;0;0;1;SINISTRO FATAL
22584;80504;9096;2016;DEL.SEC.MARÍLIA PLANTÃO;2016-09-11 00:00:00;11;9;2016;2016/09;DOMINGO;3;MADRUGADA;MARILIA;MARÍLIA;AVENIDA HIGINO MUZI FILHO;0;MUNICIPAL;PREFEITURA;PREFEITURA;PUBLICO;-22,231388;-49,967548;VIAS MUNICIPAIS;0;1;0;0;0;0;0;1;ATÉ 30 DIAS;0;0;1;0;0;0;0;0;0;0;0;1;SINISTRO FATAL
22672;80504;4196;2017;DEL.SEC.MARÍLIA PLANTÃO;2017-04-16 00:00:00;16;4;2017;2017/04;DOMINGO;13;TARDE;MARILIA;MARÍLIA;SP 294;456;ESTADUAL;CONCESSIONÁRIA-ARTESP;ENTREVIAS;PUBLICO;-22,19987914;-49,96507852;RODOVIAS;0;0;0;1;1;0;0;0;ATÉ 30 DIAS;0;0;0;0;0;0;0;0;0;0;0;1;SINISTRO FATAL
22689;80504;1006081117;2023;DEL.SEC.MARÍLIA PLANTÃO;2023-04-28 00:00:00;28;4;2023;2023/04;SEXTA;18;NOITE;MARILIA;MARÍLIA;SP 294;462,5;ESTADUAL;CONCESSIONÁRIA-ARTESP;EIXOSP - PIPA;PUBLICO;-22,15740944;-50,00502095;RODOVIAS;1;1;0;0;0;0;0;0;MAIS DE 30 DIAS;1;0;0;0;0;0;0;0;0;0;0;1;SINISTRO FATAL
22811;80504;1696;2016;DEL.SEC.MARÍLIA PLANTÃO;2016-02-18 00:00:00;18;2;2016;2016/02;QUINTA;6;MANHA;MARILIA;MARÍLIA;AVENIDA TIRADENTES;404;MUNICIPAL;PREFEITURA;PREFEITURA;PUBLICO;-22,221398;-49,940194;VIAS MUNICIPAIS;1;0;0;0;0;0;0;0;ATÉ 30 DIAS;0;0;0;0;0;0;0;0;0;0;0;1;SINISTRO FATAL
22921;80504;8504;2020;DEL.SEC.MARÍLIA PLANTÃO;2020-11-10 00:00:00;10;11;2020;2020/11;TERÇA;2;MADRUGADA;MARILIA;MARÍLIA;SP 294;448,3;ESTADUAL;CONCESSIONÁRIA-ARTESP;EIXOSP - PIPA;PUBLICO;-22,22811043;-49,9445167;RODOVIAS;1;0;0;1;0;0;0;0;ATÉ 30 DIAS;1;0;0;0;0;0;0;0;0;0;0;1;SINISTRO FATAL
23390;80504;5155;2022;DEL.SEC.MARÍLIA PLANTÃO;2022-06-19 00:00:00;19;6;2022;2022/06;DOMINGO;0;MADRUGADA;MARILIA;MARÍLIA;AVENIDA KEIJI AKUTAGAWA;433;MUNICIPAL;PREFEITURA;PREFEITURA;PUBLICO;-22,22120348;-49,96621756;VIAS MUNICIPAIS;0;0;0;0;1;0;0;1;ATÉ 30 DIAS;0;0;0;0;0;0;0;0;0;1;0;1;SINISTRO FATAL
23631;80504;353;2021;DEL.SEC.MARÍLIA PLANTÃO;2021-01-13 00:00:00;13;1;2021;2021/01;QUARTA;14;TARDE;MARILIA;MARÍLIA;SP 333;338,2;ESTADUAL;CONCESSIONÁRIA-ARTESP;ENTREVIAS;PUBLICO;-22,26771583;-49,99784585;RODOVIAS;0;1;0;0;0;0;0;0;ATÉ 30 DIAS;0;0;0;0;0;1;0;0;0;0;0;3;SINISTRO FATAL
23810;80504;11700;2015;DEL.SEC.MARÍLIA PLANTÃO;2015-11-16 00:00:00;16;11;2015;2015/11;SEGUNDA;0;NAO DISPONIVEL;MARILIA;MARÍLIA;AVENIDA SAO LUIS;1546;MUNICIPAL;PREFEITURA;PREFEITURA;PUBLICO;-22,210018;-49,953303;VIAS MUNICIPAIS;0;0;0;0;1;0;0;0;ATÉ 30 DIAS;0;0;0;0;0;0;0;0;0;0;0;1;SINISTRO FATAL
23818;90500;6474;2021;DEL.SEC.PRES.PRUDENTE PLANTÃO;2021-12-24 00:00:00;24;12;2021;2021/12;SEXTA;11;MANHA;MARILIA;MARÍLIA;SP 294;0;ESTADUAL;CONCESSIONÁRIA-ARTESP;NAO DISPONIVEL;PUBLICO;;;RODOVIAS;0;1;0;0;0;0;0;1;ATÉ 30 DIAS;0;1;0;0;0;0;0;0;0;0;0;1;SINISTRO FATAL
23962;80504;10766;2019;DEL.SEC.MARÍLIA PLANTÃO;2019-10-15 00:00:00;15;10;2019;2019/10;TERÇA;6;MANHA;MARILIA;MARÍLIA;NAO DISPONIVEL;0;NAO DISPONIVEL;NAO DISPONIVEL;NAO DISPONIVEL;PUBLICO;;;NAO DISPONIVEL;0;0;1;0;0;0;0;1;ATÉ 30 DIAS;0;0;0;0;0;0;0;0;0;1;0;1;SINISTRO FATAL
24069;80504;1009013103;2024;DEL.SEC.MARÍLIA PLANTÃO;2024-02-08 00:00:00;8;2;2024;2024/02;QUINTA;19;NOITE;MARILIA;MARÍLIA;SP 294;446;ESTADUAL;CONCESSIONÁRIA-ARTESP;EIXOSP - PIPA;PUBLICO;-22,23167689;-49,92251105;RODOVIAS;1;1;0;0;0;0;0;0;ATÉ 30 DIAS;1;0;0;0;0;0;0;0;0;0;0;1;SINISTRO FATAL
24202;80504;2678;2021;DEL.SEC.MARÍLIA PLANTÃO;2021-04-04 00:00:00;4;4;2021;2021/04;DOMINGO;8;MANHA;MARILIA;MARÍLIA;NAO DISPONIVEL;0;NAO DISPONIVEL;NAO DISPONIVEL;NAO DISPONIVEL;NAO DISPONIVEL;;;NAO DISPONIVEL;0;0;1;0;0;0;0;1;ATÉ 30 DIAS;0;0;0;0;0;0;0;0;0;0;1;1;SINISTRO FATAL
24268;80504;1009253959;2024;DEL.SEC.MARÍLIA PLANTÃO;2024-02-25 00:00:00;25;2;2024;2024/02;DOMINGO;16;TARDE;MARILIA;MARÍLIA;SP 294;454,4;ESTADUAL;CONCESSIONÁRIA-ARTESP;ENTREVIAS;PUBLICO;-22,2090038;-49,9633548;RODOVIAS;0;1;0;0;0;0;0;1;ATÉ 30 DIAS;0;0;1;0;0;0;0;0;0;0;0;1;SINISTRO FATAL
24300;80504;2671;2022;DEL.SEC.MARÍLIA PLANTÃO;2022-02-26 00:00:00;26;2;2022;2022/02;SÁBADO;0;NAO DISPONIVEL;MARILIA;MARÍLIA;NAO DISPONIVEL;0;NAO DISPONIVEL;NAO DISPONIVEL;NAO DISPONIVEL;NAO DISPONIVEL;;;NAO DISPONIVEL;0;0;0;0;1;0;0;1;MAIS DE 30 DIAS;0;0;0;0;0;0;0;0;0;1;0;1;SINISTRO FATAL
24302;80504;1002339010;2022;DEL.SEC.MARÍLIA PLANTÃO;2022-08-23 00:00:00;23;8;2022;2022/08;TERÇA;15;TARDE;MARILIA;MARÍLIA;BR 153;216;FEDERAL;CONCESSIONÁRIA-ANTT;TRANSBRASILIANA;PUBLICO;-21,95981522;-49,92282481;RODOVIAS;0;0;0;1;0;0;0;0;ATÉ 30 DIAS;0;0;0;0;0;0;1;0;0;0;0;1;SINISTRO FATAL
24370;80504;1006438771;2023;DEL.SEC.MARÍLIA PLANTÃO;2023-07-22 00:00:00;22;7;2023;2023/07;SÁBADO;17;TARDE;MARILIA;MARÍLIA;SP 294;460,05;ESTADUAL;CONCESSIONÁRIA-ARTESP;EIXOSP - PIPA;PUBLICO;-22,16906527;-49,98654897;RODOVIAS;0;0;0;0;1;1;0;0;ATÉ 30 DIAS;0;0;0;0;0;0;0;0;0;1;0;1;SINISTRO FATAL
24429;80504;377;2015;DEL.SEC.MARÍLIA PLANTÃO;2015-01-11 00:00:00;11;1;2015;2015/01;DOMINGO;20;NOITE;MARILIA;MARÍLIA;BR 153;228,2;MUNICIPAL;PREFEITURA;PREFEITURA;PUBLICO;-22,06738794;-49,90173162;VIAS MUNICIPAIS;0;0;0;0;1;0;0;0;ATÉ 30 DIAS;0;0;0;0;0;0;0;0;0;0;0;1;SINISTRO FATAL
24466;80504;374;2015;DEL.SEC.MARÍLIA PLANTÃO;2015-01-11 00:00:00;11;1;2015;2015/01;DOMINGO;21;NOITE;MARILIA;MARÍLIA;RUA DERMANIO DA SILVA LIMA;273;MUNICIPAL;PREFEITURA;PREFEITURA;PUBLICO;-22,1936006;-49,9553015;VIAS MUNICIPAIS;1;0;0;0;0;0;0;0;ATÉ 30 DIAS;0;0;0;0;0;0;0;0;0;0;0;1;SINISTRO FATAL
25016;80504;3633;2021;DEL.SEC.MARÍLIA PLANTÃO;2021-05-14 00:00:00;14;5;2021;2021/05;SEXTA;14;TARDE;MARILIA;MARÍLIA;AVENIDA DAS ESMERALDAS;100;MUNICIPAL;PREFEITURA;PREFEITURA;PUBLICO;-22,22097359;-49,94028276;VIAS MUNICIPAIS;0;0;0;0;1;0;0;1;ATÉ 30 DIAS;0;0;0;0;0;0;0;0;0;1;0;1;SINISTRO FATAL
25088;80504;1230;2018;DEL.SEC.MARÍLIA PLANTÃO;2018-02-04 00:00:00;4;2;2018;2018/02;DOMINGO;17;TARDE;MARILIA;MARÍLIA;VICINAL MARIÍLIA/ROSALIA;0;MUNICIPAL;PREFEITURA;PREFEITURA;PUBLICO;-22,030094;-49,962211;VIAS MUNICIPAIS;0;1;0;0;0;0;0;1;ATÉ 30 DIAS;0;1;0;0;0;0;0;0;0;0;0;1;SINISTRO FATAL
25175;80504;3671;2019;DEL.SEC.MARÍLIA PLANTÃO;2019-04-12 00:00:00;12;4;2019;2019/04;SEXTA;22;NOITE;MARILIA;MARÍLIA;SP 294;456;ESTADUAL;CONCESSIONÁRIA-ARTESP;ENTREVIAS;PUBLICO;-22,19528214;-49,96601416;RODOVIAS;1;0;0;1;0;0;0;0;ATÉ 30 DIAS;1;0;0;0;0;0;0;0;0;0;0;1;SINISTRO FATAL
25457;80504;1268;2017;DEL.SEC.MARÍLIA PLANTÃO;2017-02-05 00:00:00;5;2;2017;2017/02;DOMINGO;5;MADRUGADA;MARILIA;MARÍLIA;SP 333;341;ESTADUAL;CONCESSIONÁRIA-ARTESP;ENTREVIAS;PUBLICO;-22,28854539;-50,01129476;RODOVIAS;0;0;0;1;1;0;0;0;ATÉ 30 DIAS;0;0;0;0;0;0;0;0;0;0;0;1;SINISTRO FATAL
25780;80504;6159;2019;DEL.SEC.MARÍLIA PLANTÃO;2019-06-14 00:00:00;14;6;2019;2019/06;SEXTA;13;TARDE;MARILIA;MARÍLIA;RUA BENEDITO ALVES DELFINO;2850;MUNICIPAL;PREFEITURA;PREFEITURA;PUBLICO;-22,158526;-49,951561;VIAS MUNICIPAIS;0;0;0;0;1;0;0;1;ATÉ 30 DIAS;0;0;1;0;0;0;0;0;0;0;0;1;SINISTRO FATAL
25832;80504;6155;2015;DEL.SEC.MARÍLIA PLANTÃO;2015-06-19 00:00:00;19;6;2015;2015/06;SEXTA;9;MANHA;MARILIA;MARÍLIA;RUA AZIZ ATALA;0;MUNICIPAL;PREFEITURA;PREFEITURA;PUBLICO;-22,22623031;-49,93633631;VIAS MUNICIPAIS;0;0;0;0;1;0;0;0;ATÉ 30 DIAS;0;0;0;0;0;0;0;0;0;0;0;1;SINISTRO FATAL
25859;80504;3654;2015;DEL.SEC.MARÍLIA PLANTÃO;2015-04-11 00:00:00;11;4;2015;2015/04;SÁBADO;1;MADRUGADA;MARILIA;MARÍLIA;AVENIDA BRIGADEIRO EDUARDO GOMES;0;MUNICIPAL;PREFEITURA;PREFEITURA;PUBLICO;-22,21201603;-49,93939478;VIAS MUNICIPAIS;0;1;0;0;0;0;0;0;ATÉ 30 DIAS;0;0;0;0;0;0;0;0;0;0;0;1;SINISTRO FATAL
26106;80504;1008812711;2024;DEL.SEC.MARÍLIA PLANTÃO;2024-01-24 00:00:00;24;1;2024;2024/01;QUARTA;18;NOITE;MARILIA;MARÍLIA;RUA JOÃO FLORÊNCIO DE CARVALHO;209;MUNICIPAL;PREFEITURA;PREFEITURA;PUBLICO;-22,20656807;-49,96798902;VIAS MUNICIPAIS;0;0;0;1;1;0;0;0;ATÉ 30 DIAS;0;0;1;0;0;0;0;0;0;0;0;1;SINISTRO FATAL
26664;80504;12887;2015;DEL.SEC.MARÍLIA PLANTÃO;2015-12-19 00:00:00;19;12;2015;2015/12;SÁBADO;21;NOITE;MARILIA;MARÍLIA;SPA 458/294;447;MUNICIPAL;PREFEITURA;PREFEITURA;PUBLICO;-22,18298771;-49,96339393;VIAS MUNICIPAIS;1;0;0;0;0;0;0;0;ATÉ 30 DIAS;0;0;0;0;0;0;0;0;0;0;0;1;SINISTRO FATAL
26711;80504;3673;2019;DEL.SEC.MARÍLIA PLANTÃO;2019-04-12 00:00:00;12;4;2019;2019/04;SEXTA;23;NOITE;MARILIA;MARÍLIA;SP 294;444,7;ESTADUAL;CONCESSIONÁRIA-ARTESP;EIXOSP - PIPA;PUBLICO;-22,22877095;-49,90879576;RODOVIAS;1;0;0;1;0;0;0;0;ATÉ 30 DIAS;1;0;0;0;0;0;0;0;0;0;0;1;SINISTRO FATAL
26727;80504;1006119966;2023;DEL.SEC.MARÍLIA PLANTÃO;2023-06-26 00:00:00;26;6;2023;2023/06;SEGUNDA;22;NOITE;MARILIA;MARÍLIA;SP 294;457,8;ESTADUAL;CONCESSIONÁRIA-ARTESP;ENTREVIAS;PUBLICO;-22,18125043;-49,97250837;RODOVIAS;0;0;0;1;1;0;0;0;ATÉ 30 DIAS;0;0;0;0;0;0;1;0;0;0;0;1;SINISTRO FATAL
27600;80504;2279;2018;DEL.SEC.MARÍLIA PLANTÃO;2018-03-05 00:00:00;5;3;2018;2018/03;SEGUNDA;21;NOITE;MARILIA;MARÍLIA;SP 294;443,3;ESTADUAL;CONCESSIONÁRIA-ARTESP;EIXOSP - PIPA;PUBLICO;-22,22540952;-49,89368616;RODOVIAS;0;1;0;0;1;0;0;0;ATÉ 30 DIAS;0;0;0;0;0;0;1;0;0;0;0;1;SINISTRO FATAL
27936;80504;12834;2019;DEL.SEC.MARÍLIA PLANTÃO;2019-12-07 00:00:00;7;12;2019;2019/12;SÁBADO;20;NOITE;MARILIA;MARÍLIA;SP 333;334;ESTADUAL;CONCESSIONÁRIA-ARTESP;ENTREVIAS;PUBLICO;-22,23539899;-49,97172118;RODOVIAS;0;1;0;0;0;0;0;1;ATÉ 30 DIAS;0;0;1;0;0;0;0;0;0;0;0;1;SINISTRO FATAL
28341;80504;5630;2021;DEL.SEC.MARÍLIA PLANTÃO;2021-07-27 00:00:00;27;7;2021;2021/07;TERÇA;18;NOITE;MARILIA;MARÍLIA;SP 294;458;ESTADUAL;CONCESSIONÁRIA-ARTESP;EIXOSP - PIPA;PUBLICO;-22,17954503;-49,9722351;RODOVIAS;0;0;0;1;1;0;0;0;ATÉ 30 DIAS;0;0;1;0;0;0;0;0;0;0;0;1;SINISTRO FATAL
28471;80504;1005409816;2023;DEL.SEC.MARÍLIA PLANTÃO;2023-05-01 00:00:00;1;5;2023;2023/05;SEGUNDA;1;MADRUGADA;MARILIA;MARÍLIA;SP 333;326,5;ESTADUAL;CONCESSIONÁRIA-ARTESP;ENTREVIAS;PUBLICO;-22,17237662;-49,96799914;RODOVIAS;0;0;0;0;1;0;0;1;ATÉ 30 DIAS;0;0;1;0;0;0;0;0;0;0;0;1;SINISTRO FATAL
28616;80504;5625;2022;DEL.SEC.MARÍLIA PLANTÃO;2022-06-26 00:00:00;26;6;2022;2022/06;DOMINGO;2;MADRUGADA;MARILIA;MARÍLIA;AVENIDA TOMÉ DE SOUZA;1049;MUNICIPAL;PREFEITURA;PREFEITURA;PUBLICO;-22,24825054;-49,93876965;VIAS MUNICIPAIS;0;0;0;0;1;0;0;1;ATÉ 30 DIAS;0;0;1;0;0;0;0;0;0;0;0;1;SINISTRO FATAL
28782;80504;13417;2017;DEL.SEC.MARÍLIA PLANTÃO;2017-12-09 00:00:00;9;12;2017;2017/12;SÁBADO;22;NOITE;MARILIA;MARÍLIA;SP 333;322,9;ESTADUAL;CONCESSIONÁRIA-ARTESP;ENTREVIAS;PUBLICO;-22,13469886;-49,94497784;RODOVIAS;0;1;0;0;0;0;0;0;ATÉ 30 DIAS;0;0;0;0;0;0;0;0;0;0;0;2;SINISTRO FATAL
29175;80504;1009305705;2024;DEL.SEC.MARÍLIA PLANTÃO;2024-01-15 00:00:00;15;1;2024;2024/01;SEGUNDA;7;MANHA;MARILIA;MARÍLIA;RUA VITORIO SALVIANO RODRIGUES;323;MUNICIPAL;PREFEITURA;PREFEITURA;PUBLICO;-22,16066952;-49,94742456;VIAS MUNICIPAIS;0;0;0;0;1;0;0;0;MAIS DE 30 DIAS;0;0;1;0;0;0;0;0;0;0;0;1;SINISTRO FATAL
29486;80504;1006012279;2023;DEL.SEC.MARÍLIA PLANTÃO;2023-06-18 00:00:00;18;6;2023;2023/06;DOMINGO;14;TARDE;MARILIA;MARÍLIA;SP 294;451,8;ESTADUAL;CONCESSIONÁRIA-ARTESP;ENTREVIAS;PUBLICO;-22,23051422;-49,97018245;RODOVIAS;0;1;0;1;0;0;0;0;ATÉ 30 DIAS;0;0;0;1;0;0;0;0;0;0;0;1;SINISTRO FATAL
29601;80504;1003751441;2022;DEL.SEC.MARÍLIA PLANTÃO;2022-12-16 00:00:00;16;12;2022;2022/12;SEXTA;22;NOITE;MARILIA;MARÍLIA;SP 333;338;ESTADUAL;CONCESSIONÁRIA-ARTESP;ENTREVIAS;PUBLICO;-22,26611644;-49,99685609;RODOVIAS;0;0;1;0;0;1;0;0;ATÉ 30 DIAS;1;0;0;0;0;0;0;0;0;0;0;1;SINISTRO FATAL
29690;80504;1008079194;2023;DEL.SEC.MARÍLIA PLANTÃO;2023-11-28 00:00:00;28;11;2023;2023/11;TERÇA;23;NOITE;MARILIA;MARÍLIA;AVENIDA REPÚBLICA;1881;MUNICIPAL;PREFEITURA;PREFEITURA;PUBLICO;-22,20576418;-49,95128156;VIAS MUNICIPAIS;0;0;0;0;1;1;0;0;ATÉ 30 DIAS;0;0;0;0;0;1;0;0;0;0;0;1;SINISTRO FATAL
30050;80504;3271;2016;DEL.SEC.MARÍLIA PLANTÃO;2016-04-03 00:00:00;3;4;2016;2016/04;DOMINGO;2;MADRUGADA;MARILIA;MARÍLIA;SP 294;454;ESTADUAL;CONCESSIONÁRIA-ARTESP;ENTREVIAS;PUBLICO;-22,21433524;-49,96427014;RODOVIAS;0;1;0;0;0;0;0;0;ATÉ 30 DIAS;0;0;0;0;0;0;0;0;0;0;0;1;SINISTRO FATAL
30654;80504;11465;2017;DEL.SEC.MARÍLIA PLANTÃO;2017-10-19 00:00:00;19;10;2017;2017/10;QUINTA;17;TARDE;MARILIA;MARÍLIA;BR 153;258,2;MUNICIPAL;PREFEITURA;PREFEITURA;PUBLICO;-22,25421856;-49,92171555;VIAS MUNICIPAIS;1;0;0;1;0;0;0;0;ATÉ 30 DIAS;0;0;0;0;0;0;0;0;0;0;0;1;SINISTRO FATAL
30667;80504;6636;2017;DEL.SEC.MARÍLIA PLANTÃO;2017-06-17 00:00:00;17;6;2017;2017/06;SÁBADO;9;MANHA;MARILIA;MARÍLIA;SP 333;349;ESTADUAL;CONCESSIONÁRIA-ARTESP;ENTREVIAS;PUBLICO;-22,31383695;-50,07561515;RODOVIAS;0;0;0;1;0;0;0;0;ATÉ 30 DIAS;0;0;0;0;0;0;0;0;0;0;0;2;SINISTRO FATAL
30672;80504;1738;2019;DEL.SEC.MARÍLIA PLANTÃO;2019-02-18 00:00:00;18;2;2019;2019/02;SEGUNDA;20;NOITE;MARILIA;MARÍLIA;SP 333;349;ESTADUAL;CONCESSIONÁRIA-ARTESP;ENTREVIAS;PUBLICO;-22,31403511;-50,07617807;RODOVIAS;0;0;0;1;0;0;0;0;ATÉ 30 DIAS;0;0;0;1;0;0;0;0;0;0;0;1;SINISTRO FATAL
30826;80504;864;2016;DEL.SEC.MARÍLIA PLANTÃO;2016-01-26 00:00:00;26;1;2016;2016/01;TERÇA;18;NOITE;MARILIA;MARÍLIA;RUA OTAVIO ROBERTO RAMOS;76;MUNICIPAL;PREFEITURA;PREFEITURA;PUBLICO;-22,17632;-49,95577;VIAS MUNICIPAIS;0;0;0;0;1;0;0;0;ATÉ 30 DIAS;0;0;0;0;0;0;0;0;0;0;0;1;SINISTRO FATAL
30883;80504;860;2021;DEL.SEC.MARÍLIA PLANTÃO;2021-01-29 00:00:00;29;1;2021;2021/01;SEXTA;18;NOITE;MARILIA;MARÍLIA;SP 294;465,15;ESTADUAL;CONCESSIONÁRIA-ARTESP;EIXOSP - PIPA;PUBLICO;-22,15842801;-50,02985349;RODOVIAS;0;1;0;0;0;0;0;0;ATÉ 30 DIAS;0;0;0;0;0;1;0;0;0;0;0;2;SINISTRO FATAL
30907;80504;9126;2019;DEL.SEC.MARÍLIA PLANTÃO;2019-09-03 00:00:00;3;9;2019;2019/09;TERÇA;14;TARDE;MARILIA;MARÍLIA;SP 294;453;ESTADUAL;CONCESSIONÁRIA-ARTESP;ENTREVIAS;PUBLICO;-22,22068602;-49,96652563;RODOVIAS;0;0;0;0;1;0;0;1;ATÉ 30 DIAS;0;0;0;0;0;0;0;0;0;1;0;1;SINISTRO FATAL
30954;80504;4229;2018;DEL.SEC.MARÍLIA PLANTÃO;2018-04-30 00:00:00;30;4;2018;2018/04;SEGUNDA;3;MADRUGADA;MARILIA;MARÍLIA;SP 333;340,7;ESTADUAL;CONCESSIONÁRIA-ARTESP;ENTREVIAS;PUBLICO;-22,287296;-50,010132;RODOVIAS;0;1;0;0;0;0;0;0;ATÉ 30 DIAS;0;0;0;0;0;1;0;0;0;0;0;1;SINISTRO FATAL
30955;80504;4229;2021;DEL.SEC.MARÍLIA PLANTÃO;2021-06-07 00:00:00;7;6;2021;2021/06;SEGUNDA;17;TARDE;MARILIA;MARÍLIA;SP 333;326,6;ESTADUAL;CONCESSIONÁRIA-ARTESP;ENTREVIAS;PUBLICO;-22,17344539;-49,96866745;RODOVIAS;0;0;0;1;1;0;0;0;ATÉ 30 DIAS;0;0;0;0;0;1;0;0;0;0;0;1;SINISTRO FATAL
31078;80504;1008851070;2024;DEL.SEC.MARÍLIA PLANTÃO;2024-01-28 00:00:00;28;1;2024;2024/01;DOMINGO;18;NOITE;MARILIA;MARÍLIA;AVENIDA JOÃO RAMALHO;1954;MUNICIPAL;PREFEITURA;PREFEITURA;PUBLICO;-22,24539752;-49,92864303;VIAS MUNICIPAIS;1;0;0;0;1;0;0;0;ATÉ 30 DIAS;1;0;0;0;0;0;0;0;0;0;0;1;SINISTRO FATAL
31137;80504;5682;2022;DEL.SEC.MARÍLIA PLANTÃO;2022-07-04 00:00:00;4;7;2022;2022/07;SEGUNDA;23;NOITE;MARILIA;MARÍLIA;SP 294;454,1;ESTADUAL;CONCESSIONÁRIA-ARTESP;ENTREVIAS;PUBLICO;-22,21162157;-49,96345306;RODOVIAS;0;0;0;0;1;0;0;1;ATÉ 30 DIAS;0;0;1;0;0;0;0;0;0;0;0;1;SINISTRO FATAL
31590;80504;4252;2017;DEL.SEC.MARÍLIA PLANTÃO;2017-04-17 00:00:00;17;4;2017;2017/04;SEGUNDA;17;TARDE;MARILIA;MARÍLIA;SPA 458/294;0,28;MUNICIPAL;PREFEITURA;PREFEITURA;PUBLICO;-22,17956306;-49,9693219;RODOVIAS;0;1;1;0;0;0;0;0;ATÉ 30 DIAS;0;0;0;0;1;0;0;0;0;0;0;1;SINISTRO FATAL
32341;80504;2716;2022;DEL.SEC.MARÍLIA PLANTÃO;2022-03-26 00:00:00;26;3;2022;2022/03;SÁBADO;23;NOITE;MARILIA;MARÍLIA;SP 294;456;ESTADUAL;CONCESSIONÁRIA-ARTESP;ENTREVIAS;PUBLICO;-22,19528214;-49,96601416;RODOVIAS;1;0;0;0;1;0;0;0;MAIS DE 30 DIAS;1;0;0;0;0;0;0;0;0;0;0;1;SINISTRO FATAL
32596;80504;9165;2020;DEL.SEC.MARÍLIA PLANTÃO;2020-09-10 00:00:00;10;9;2020;2020/09;QUINTA;0;NAO DISPONIVEL;MARILIA;MARÍLIA;AVENIDA WILSON FROIO;136;MUNICIPAL;PREFEITURA;PREFEITURA;PUBLICO;;;VIAS MUNICIPAIS;0;1;0;0;0;0;0;1;MAIS DE 30 DIAS;0;0;1;0;0;0;0;0;0;0;0;1;SINISTRO FATAL
32798;80504;1003480994;2022;DEL.SEC.MARÍLIA PLANTÃO;2022-11-25 00:00:00;25;11;2022;2022/11;SEXTA;6;MANHA;MARILIA;MARÍLIA;SP 333;342,2;ESTADUAL;CONCESSIONÁRIA-ARTESP;ENTREVIAS;PUBLICO;-22,29843247;-50,01658514;RODOVIAS;0;1;0;1;0;0;0;0;ATÉ 30 DIAS;0;0;0;0;0;1;0;0;0;0;0;1;SINISTRO FATAL
32842;80504;13340;2019;DEL.SEC.MARÍLIA PLANTÃO;2019-12-20 00:00:00;20;12;2019;2019/12;SEXTA;21;NOITE;MARILIA;MARÍLIA;SP 294;460,05;ESTADUAL;CONCESSIONÁRIA-ARTESP;EIXOSP - PIPA;PUBLICO;-22,16906527;-49,98654897;RODOVIAS;1;1;0;0;0;0;0;0;ATÉ 30 DIAS;1;0;0;0;0;0;0;0;0;0;0;1;SINISTRO FATAL
32901;80504;9158;2017;DEL.SEC.MARÍLIA PLANTÃO;2017-08-18 00:00:00;18;8;2017;2017/08;SEXTA;20;NOITE;MARILIA;MARÍLIA;RUA JOAO DE FREITAS CAIRES;0;MUNICIPAL;PREFEITURA;PREFEITURA;PUBLICO;-22,2425;-49,925083;VIAS MUNICIPAIS;0;1;0;0;0;0;0;0;ATÉ 30 DIAS;0;0;0;0;0;0;0;0;0;0;0;1;SINISTRO FATAL
32950;80504;7638;2015;DEL.SEC.MARÍLIA PLANTÃO;2015-08-01 00:00:00;1;8;2015;2015/08;SÁBADO;1;MADRUGADA;MARILIA;MARÍLIA;RUA JOSE SEVERINO MOURAO;0;MUNICIPAL;PREFEITURA;PREFEITURA;PUBLICO;-22,16356498;-49,94880753;VIAS MUNICIPAIS;0;0;0;0;1;0;0;0;ATÉ 30 DIAS;0;0;0;0;0;0;0;0;0;0;0;1;SINISTRO FATAL
33471;80504;6688;2020;DEL.SEC.MARÍLIA PLANTÃO;2020-09-14 00:00:00;14;9;2020;2020/09;SEGUNDA;21;NOITE;MARILIA;MARÍLIA;SP 294;445,8;ESTADUAL;CONCESSIONÁRIA-ARTESP;EIXOSP - PIPA;PUBLICO;-22,23127995;-49,92051537;RODOVIAS;0;1;0;0;1;0;0;0;ATÉ 30 DIAS;1;0;0;0;0;0;0;0;0;0;0;1;SINISTRO FATAL
33479;80504;1008925842;2024;DEL.SEC.MARÍLIA PLANTÃO;2023-12-25 00:00:00;25;12;2023;2023/12;SEGUNDA;10;MANHA;MARILIA;MARÍLIA;NAO DISPONIVEL;0;NAO DISPONIVEL;NAO DISPONIVEL;NAO DISPONIVEL;NAO DISPONIVEL;;;NAO DISPONIVEL;0;1;0;1;0;0;0;0;MAIS DE 30 DIAS;0;0;0;0;0;0;0;0;0;0;1;1;SINISTRO FATAL
33997;80504;425;2018;DEL.SEC.MARÍLIA PLANTÃO;2018-01-03 00:00:00;3;1;2018;2018/01;QUARTA;11;MANHA;MARILIA;MARÍLIA;RUA SAO CARLOS;0;MUNICIPAL;PREFEITURA;PREFEITURA;PUBLICO;-22,21275;-49,954377;VIAS MUNICIPAIS;0;1;0;0;1;0;0;0;ATÉ 30 DIAS;0;0;0;0;0;1;0;0;0;0;0;1;SINISTRO FATAL
34126;80504;1004606254;2023;DEL.SEC.MARÍLIA PLANTÃO;2023-02-26 00:00:00;26;2;2023;2023/02;DOMINGO;6;MANHA;MARILIA;MARÍLIA;ESTRADA MUNICIPAL DANILO GONZÁLES;0;MUNICIPAL;PREFEITURA;PREFEITURA;PUBLICO;;;VIAS MUNICIPAIS;0;1;0;0;0;0;0;1;ATÉ 30 DIAS;0;0;1;0;0;0;0;0;0;0;0;1;SINISTRO FATAL
34202;80504;7648;2021;DEL.SEC.MARÍLIA PLANTÃO;2021-10-02 00:00:00;2;10;2021;2021/10;SÁBADO;0;NAO DISPONIVEL;MARILIA;MARÍLIA;NAO DISPONIVEL;0;NAO DISPONIVEL;NAO DISPONIVEL;NAO DISPONIVEL;PUBLICO;;;NAO DISPONIVEL;0;1;0;0;0;0;0;1;ATÉ 30 DIAS;0;0;1;0;0;0;0;0;0;0;0;1;SINISTRO FATAL
34281;80504;1002710931;2022;DEL.SEC.MARÍLIA PLANTÃO;2022-09-20 00:00:00;20;9;2022;2022/09;TERÇA;10;MANHA;MARILIA;MARÍLIA;NAO DISPONIVEL;0;NAO DISPONIVEL;NAO DISPONIVEL;NAO DISPONIVEL;NAO DISPONIVEL;;;NAO DISPONIVEL;0;0;1;0;0;1;0;0;ATÉ 30 DIAS;0;0;0;0;0;0;0;1;0;0;0;1;SINISTRO FATAL
34374;80504;5240;2017;DEL.SEC.MARÍLIA PLANTÃO;2017-05-12 00:00:00;12;5;2017;2017/05;SEXTA;18;NOITE;MARILIA;MARÍLIA;RUA SANTA HELENA;315;MUNICIPAL;PREFEITURA;PREFEITURA;PUBLICO;-22,206532;-49,937191;VIAS MUNICIPAIS;1;1;0;0;0;0;0;0;ATÉ 30 DIAS;0;0;0;0;0;0;0;0;0;0;0;1;SINISTRO FATAL
34592;80504;8616;2018;DEL.SEC.MARÍLIA PLANTÃO;2018-09-03 00:00:00;3;9;2018;2018/09;SEGUNDA;4;MADRUGADA;MARILIA;MARÍLIA;SP 294;446,5;ESTADUAL;CONCESSIONÁRIA-ARTESP;EIXOSP - PIPA;PUBLICO;-22,23256733;-49,92750488;RODOVIAS;0;0;0;1;1;0;0;0;ATÉ 30 DIAS;0;0;0;1;0;0;0;0;0;0;0;1;SINISTRO FATAL
34603;80504;8613;2015;DEL.SEC.MARÍLIA PLANTÃO;2015-08-26 00:00:00;26;8;2015;2015/08;QUARTA;15;TARDE;MARILIA;MARÍLIA;SPA 458/294;455;MUNICIPAL;PREFEITURA;PREFEITURA;PUBLICO;-22,18298771;-49,96339393;VIAS MUNICIPAIS;0;0;0;0;1;0;0;0;ATÉ 30 DIAS;0;0;0;0;0;0;0;0;0;0;0;1;SINISTRO FATAL
34654;80504;447;2015;DEL.SEC.MARÍLIA PLANTÃO;2015-01-13 00:00:00;13;1;2015;2015/01;TERÇA;21;NOITE;MARILIA;MARÍLIA;VICINAL FRANCISCO ANTUNES RIBEIRO;1;MUNICIPAL;PREFEITURA;PREFEITURA;NAO DISPONIVEL;-22,217584;-49,950529;VIAS MUNICIPAIS;0;0;0;0;0;0;0;1;ATÉ 30 DIAS;0;0;0;0;0;0;0;0;0;0;0;1;SINISTRO FATAL
35007;80504;3706;2022;DEL.SEC.MARÍLIA PLANTÃO;2022-05-03 00:00:00;3;5;2022;2022/05;TERÇA;7;MANHA;MARILIA;MARÍLIA;AVENIDA JOSÉ DA SILVA NOGUEIRA JÚNIOR;0;MUNICIPAL;PREFEITURA;PREFEITURA;PUBLICO;-22,21843328;-49,98787666;VIAS MUNICIPAIS;0;0;0;0;1;1;0;0;ATÉ 30 DIAS;0;0;0;0;1;0;0;0;0;0;0;1;SINISTRO FATAL
35035;80504;1002560250;2022;DEL.SEC.MARÍLIA PLANTÃO;2022-09-11 00:00:00;11;9;2022;2022/09;DOMINGO;23;NOITE;MARILIA;MARÍLIA;SP 294;458,5;ESTADUAL;CONCESSIONÁRIA-ARTESP;EIXOSP - PIPA;PUBLICO;-22,17701154;-49,97491619;RODOVIAS;0;1;0;0;1;0;0;0;ATÉ 30 DIAS;0;0;1;0;0;0;0;0;0;0;0;1;SINISTRO FATAL
35057;80504;5265;2018;DEL.SEC.MARÍLIA PLANTÃO;2018-05-31 00:00:00;31;5;2018;2018/05;QUINTA;18;NOITE;MARILIA;MARÍLIA;BR 153;221;FEDERAL;CONCESSIONÁRIA-ANTT;TRANSBRASILIANA;PUBLICO;-22,00423066;-49,91156532;RODOVIAS;0;0;0;0;0;0;1;1;ATÉ 30 DIAS;0;0;0;0;0;0;0;0;0;1;0;1;SINISTRO FATAL
35118;80504;5262;2016;DEL.SEC.MARÍLIA PLANTÃO;2016-05-27 00:00:00;27;5;2016;2016/05;SEXTA;2;MADRUGADA;MARILIA;MARÍLIA;RUA JOAO BATISTA RAFAEL;352;MUNICIPAL;PREFEITURA;PREFEITURA;PUBLICO;-22,19388415;-49,94760838;VIAS MUNICIPAIS;0;0;0;0;1;0;0;0;ATÉ 30 DIAS;0;0;0;0;0;0;0;0;0;0;0;1;SINISTRO FATAL
36396;80504;1358;2016;DEL.SEC.MARÍLIA PLANTÃO;2016-02-10 00:00:00;10;2;2016;2016/02;QUARTA;12;TARDE;MARILIA;MARÍLIA;RUA AZIZ ATALA;1;MUNICIPAL;PREFEITURA;PREFEITURA;PUBLICO;-22,226039;-49,935914;VIAS MUNICIPAIS;0;0;0;0;1;0;0;0;ATÉ 30 DIAS;0;0;0;0;0;0;0;0;0;0;0;1;SINISTRO FATAL
36448;80504;1010693892;2024;DEL.SEC.MARÍLIA PLANTÃO;2024-06-07 00:00:00;7;6;2024;2024/06;SEXTA;6;MANHA;MARILIA;MARÍLIA;BR 153;252,89;ESTADUAL;DER;DR07 - ASSIS;PUBLICO;-22,2279291;-49,94342127;RODOVIAS;0;0;0;1;1;0;0;0;ATÉ 30 DIAS;0;0;0;0;1;0;0;0;0;0;0;1;SINISTRO FATAL
36494;80504;1011234484;2024;DEL.SEC.MARÍLIA PLANTÃO;2024-07-13 00:00:00;13;7;2024;2024/07;SÁBADO;18;NOITE;MARILIA;MARÍLIA;SP 333;337,2;ESTADUAL;CONCESSIONÁRIA-ARTESP;ENTREVIAS;PUBLICO;-22,25968784;-49,99290391;RODOVIAS;0;0;1;0;1;0;0;0;ATÉ 30 DIAS;0;0;0;0;0;1;0;0;0;0;0;1;SINISTRO FATAL
37114;80504;7214;2021;DEL.SEC.MARÍLIA PLANTÃO;2021-09-18 00:00:00;18;9;2021;2021/09;SÁBADO;22;NOITE;MARILIA;MARÍLIA;SP 294;459,2;ESTADUAL;CONCESSIONÁRIA-ARTESP;EIXOSP - PIPA;PUBLICO;-22,17390978;-49,98047359;RODOVIAS;0;1;0;0;0;0;0;1;ATÉ 30 DIAS;0;0;1;0;0;0;0;0;0;0;0;1;SINISTRO FATAL
37268;80504;6275;2018;DEL.SEC.MARÍLIA PLANTÃO;2018-07-01 00:00:00;1;7;2018;2018/07;DOMINGO;13;TARDE;MARILIA;MARÍLIA;VICINAL MARÍLIA-ROSÁLIA;0;MUNICIPAL;PREFEITURA;PREFEITURA;PUBLICO;;;VIAS MUNICIPAIS;0;1;0;0;0;0;0;1;ATÉ 30 DIAS;0;1;0;0;0;0;0;0;0;0;0;1;SINISTRO FATAL
37335;80504;3777;2019;DEL.SEC.MARÍLIA PLANTÃO;2019-03-19 00:00:00;19;3;2019;2019/03;TERÇA;7;MANHA;MARILIA;MARÍLIA;SP 294;452;ESTADUAL;CONCESSIONÁRIA-ARTESP;ENTREVIAS;PUBLICO;-22,22887619;-49,96957298;RODOVIAS;0;1;0;0;1;0;0;0;ATÉ 30 DIAS;0;0;0;0;0;0;1;0;0;0;0;1;SINISTRO FATAL
37398;80504;1010871621;2024;DEL.SEC.MARÍLIA PLANTÃO;2024-06-18 00:00:00;18;6;2024;2024/06;TERÇA;22;NOITE;MARILIA;MARÍLIA;SP 294;445,85;ESTADUAL;CONCESSIONÁRIA-ARTESP;EIXOSP - PIPA;PUBLICO;-22,22973364;-49,9132973;RODOVIAS;1;0;0;0;1;0;0;0;ATÉ 30 DIAS;1;0;0;0;0;0;0;0;0;0;0;1;SINISTRO FATAL
37651;80504;13384;2019;DEL.SEC.MARÍLIA PLANTÃO;2019-12-22 00:00:00;22;12;2019;2019/12;DOMINGO;21;NOITE;MARILIA;MARÍLIA;SP 333;326,7;ESTADUAL;CONCESSIONÁRIA-ARTESP;ENTREVIAS;PUBLICO;-22,17451415;-49,96933576;RODOVIAS;1;1;0;0;0;0;0;0;ATÉ 30 DIAS;1;0;0;0;0;0;0;0;0;0;0;1;SINISTRO FATAL
37686;80504;3768;2020;DEL.SEC.MARÍLIA PLANTÃO;2020-05-04 00:00:00;4;5;2020;2020/05;SEGUNDA;20;NOITE;MARILIA;MARÍLIA;VICINAL AMERICO JOSÉ DE OLIVEIRA;0;MUNICIPAL;PREFEITURA;PREFEITURA;PUBLICO;;;VIAS MUNICIPAIS;0;1;0;0;0;0;0;1;ATÉ 30 DIAS;0;0;1;0;0;0;0;0;0;0;0;2;SINISTRO FATAL
37865;80504;1008505526;2023;DEL.SEC.MARÍLIA PLANTÃO;2023-12-31 00:00:00;31;12;2023;2023/12;DOMINGO;13;TARDE;MARILIA;MARÍLIA;SUPERMERCADO SÃO JUDAS TADEU;0;MUNICIPAL;PREFEITURA;PREFEITURA;PRIVADO;-22,19605644;-49,96179458;VIAS MUNICIPAIS;0;1;0;0;0;0;0;0;ATÉ 30 DIAS;1;0;0;0;0;0;0;0;0;0;0;1;SINISTRO FATAL
38019;80504;7232;2020;DEL.SEC.MARÍLIA PLANTÃO;2020-09-26 00:00:00;26;9;2020;2020/09;SÁBADO;0;NAO DISPONIVEL;MARILIA;MARÍLIA;RUA ANTONIO MARCONATO;0;MUNICIPAL;PREFEITURA;PREFEITURA;PUBLICO;;;VIAS MUNICIPAIS;1;1;0;0;0;0;0;0;ATÉ 30 DIAS;1;0;0;0;0;0;0;0;0;0;0;1;SINISTRO FATAL
38096;80504;10104;2021;DEL.SEC.MARÍLIA PLANTÃO;2021-12-24 00:00:00;24;12;2021;2021/12;SEXTA;11;MANHA;MARILIA;MARÍLIA;SP 333;335,7;ESTADUAL;CONCESSIONÁRIA-ARTESP;ENTREVIAS;PUBLICO;-22,24769539;-49,98386075;RODOVIAS;0;0;0;1;1;0;0;0;ATÉ 30 DIAS;0;0;0;0;0;0;1;0;0;0;0;1;SINISTRO FATAL
38123;80504;8691;2019;DEL.SEC.MARÍLIA PLANTÃO;2019-08-07 00:00:00;7;8;2019;2019/08;QUARTA;19;NOITE;MARILIA;MARÍLIA;AVENIDA JOAO RAMALHO;634;MUNICIPAL;PREFEITURA;PREFEITURA;PUBLICO;-22,23456;-49,929085;VIAS MUNICIPAIS;0;1;0;0;0;0;0;0;ATÉ 30 DIAS;0;0;0;1;0;0;0;0;0;0;0;1;SINISTRO FATAL
38178;80504;12506;2015;DEL.SEC.MARÍLIA PLANTÃO;2015-12-07 00:00:00;7;12;2015;2015/12;SEGUNDA;21;NOITE;MARILIA;MARÍLIA;AVENIDA JOAO MARTINS COELHO;1241;MUNICIPAL;PREFEITURA;PREFEITURA;NAO DISPONIVEL;-22,16427;-49,9671764;VIAS MUNICIPAIS;0;0;0;0;0;0;0;1;ATÉ 30 DIAS;0;0;0;0;0;0;0;0;0;0;0;1;SINISTRO FATAL
38240;80504;3792;2016;DEL.SEC.MARÍLIA PLANTÃO;2016-04-17 00:00:00;17;4;2016;2016/04;DOMINGO;21;NOITE;MARILIA;MARÍLIA;SP 333;341;ESTADUAL;CONCESSIONÁRIA-ARTESP;ENTREVIAS;PUBLICO;-22,28854539;-50,01129476;RODOVIAS;0;1;0;0;0;0;0;0;ATÉ 30 DIAS;0;0;0;0;0;0;0;0;0;0;0;1;SINISTRO FATAL
38323;80216;25;2015;03º D.P. MARÍLIA;2015-05-07 00:00:00;7;5;2015;2015/05;QUINTA;3;MADRUGADA;MARILIA;MARÍLIA;AVENIDA TIRADENTES;746;MUNICIPAL;PREFEITURA;PREFEITURA;PUBLICO;-22,222852;-49,937317;VIAS MUNICIPAIS;0;0;0;0;1;0;0;0;ATÉ 30 DIAS;0;0;0;0;0;0;0;0;0;0;0;1;SINISTRO FATAL
38452;80504;10119;2019;DEL.SEC.MARÍLIA PLANTÃO;2019-09-28 00:00:00;28;9;2019;2019/09;SÁBADO;22;NOITE;MARILIA;MARÍLIA;SP 294;450,5;ESTADUAL;CONCESSIONÁRIA-ARTESP;EIXOSP - PIPA;PUBLICO;-22,22950654;-49,96576507;RODOVIAS;1;1;0;0;0;0;0;0;ATÉ 30 DIAS;1;0;0;0;0;0;0;0;0;0;0;1;SINISTRO FATAL
38506;80504;1006617630;2023;DEL.SEC.MARÍLIA PLANTÃO;2023-08-06 00:00:00;6;8;2023;2023/08;DOMINGO;20;NOITE;MARILIA;MARÍLIA;VICINAL AMÉRICO JOSÉ DE OLIVEIRA;0;MUNICIPAL;PREFEITURA;PREFEITURA;PUBLICO;;;VIAS MUNICIPAIS;0;0;0;0;1;0;0;1;ATÉ 30 DIAS;0;0;0;0;0;0;0;0;0;1;0;1;SINISTRO FATAL
38517;80504;6283;2016;DEL.SEC.MARÍLIA PLANTÃO;2016-06-26 00:00:00;26;6;2016;2016/06;DOMINGO;20;NOITE;MARILIA;MARÍLIA;SPA 458/294;438,8;MUNICIPAL;PREFEITURA;PREFEITURA;PUBLICO;-22,18298771;-49,96339393;VIAS MUNICIPAIS;0;0;0;0;1;0;0;0;ATÉ 30 DIAS;0;0;0;0;0;0;0;0;0;0;0;1;SINISTRO FATAL
38778;80504;9658;2015;DEL.SEC.MARÍLIA PLANTÃO;2015-09-22 00:00:00;22;9;2015;2015/09;TERÇA;16;TARDE;MARILIA;MARÍLIA;RUA HOSPITAL DE CLINICAS MARILIA;2;MUNICIPAL;PREFEITURA;PREFEITURA;NAO DISPONIVEL;-22,217584;-49,950529;VIAS MUNICIPAIS;0;0;0;0;0;0;0;1;ATÉ 30 DIAS;0;0;0;0;0;0;0;0;0;0;0;2;SINISTRO FATAL
39589;80504;1007415537;2023;DEL.SEC.MARÍLIA PLANTÃO;2023-08-18 00:00:00;18;8;2023;2023/08;SEXTA;4;MADRUGADA;MARILIA;MARÍLIA;NAO DISPONIVEL;0;NAO DISPONIVEL;NAO DISPONIVEL;NAO DISPONIVEL;NAO DISPONIVEL;;;NAO DISPONIVEL;0;1;0;0;1;0;0;0;MAIS DE 30 DIAS;0;0;1;0;0;0;0;0;0;0;0;1;SINISTRO FATAL
39593;80504;1009718796;2024;DEL.SEC.MARÍLIA PLANTÃO;2024-04-01 00:00:00;1;4;2024;2024/04;SEGUNDA;17;TARDE;MARILIA;MARÍLIA;SP 294;454,2;ESTADUAL;CONCESSIONÁRIA-ARTESP;ENTREVIAS;PUBLICO;-22,21074868;-49,96341161;RODOVIAS;1;0;0;1;0;0;0;0;ATÉ 30 DIAS;1;0;0;0;0;0;0;0;0;0;0;1;SINISTRO FATAL
39700;80504;1003417724;2022;DEL.SEC.MARÍLIA PLANTÃO;2022-11-20 00:00:00;20;11;2022;2022/11;DOMINGO;20;NOITE;MARILIA;MARÍLIA;SP 294;464,4;ESTADUAL;CONCESSIONÁRIA-ARTESP;EIXOSP - PIPA;PUBLICO;-22,15764994;-50,0227851;RODOVIAS;1;0;0;0;1;0;0;0;ATÉ 30 DIAS;1;0;0;0;0;0;0;0;0;0;0;1;SINISTRO FATAL
39956;80504;1006696068;2023;DEL.SEC.MARÍLIA PLANTÃO;2023-08-12 00:00:00;12;8;2023;2023/08;SÁBADO;1;MADRUGADA;MARILIA;MARÍLIA;RUA CORONEL JOSÉ BRÁS;605;MUNICIPAL;PREFEITURA;PREFEITURA;PUBLICO;-22,22308079;-49,95350071;VIAS MUNICIPAIS;0;1;0;0;0;0;0;1;ATÉ 30 DIAS;0;0;1;0;0;0;0;0;0;0;0;1;SINISTRO FATAL
40623;80504;5730;2016;DEL.SEC.MARÍLIA PLANTÃO;2016-06-11 00:00:00;11;6;2016;2016/06;SÁBADO;2;MADRUGADA;MARILIA;MARÍLIA;SP 294;0;ESTADUAL;CONCESSIONÁRIA-ARTESP;NAO DISPONIVEL;NAO DISPONIVEL;-22,23223198;-49,97076529;RODOVIAS;0;0;0;0;0;0;0;1;ATÉ 30 DIAS;0;0;0;0;0;0;0;0;0;0;0;1;SINISTRO FATAL
40897;80504;8225;2015;DEL.SEC.MARÍLIA PLANTÃO;2015-08-15 00:00:00;15;8;2015;2015/08;SÁBADO;21;NOITE;MARILIA;MARÍLIA;BR 153;262;MUNICIPAL;PREFEITURA;PREFEITURA;PUBLICO;-22,28894383;-49,91544275;VIAS MUNICIPAIS;0;1;0;0;0;0;0;0;ATÉ 30 DIAS;0;0;0;0;0;0;0;0;0;0;0;1;SINISTRO FATAL
41040;80504;11514;2017;DEL.SEC.MARÍLIA PLANTÃO;2017-10-20 00:00:00;20;10;2017;2017/10;SEXTA;21;NOITE;MARILIA;MARÍLIA;AVENIDA TOMÉ DE SOUZA;545;MUNICIPAL;PREFEITURA;PREFEITURA;PUBLICO;-22,245312;-49,9358;VIAS MUNICIPAIS;1;1;0;0;0;0;0;0;ATÉ 30 DIAS;0;0;0;0;0;0;0;0;0;0;0;1;SINISTRO FATAL
41461;80504;918;2015;DEL.SEC.MARÍLIA PLANTÃO;2015-01-26 00:00:00;26;1;2015;2015/01;SEGUNDA;18;NOITE;MARILIA;MARÍLIA;AVENIDA DOUTOR DURVAL DE MENEZES;421;MUNICIPAL;PREFEITURA;PREFEITURA;PUBLICO;-22,253818;-49,93215;VIAS MUNICIPAIS;0;0;0;0;1;0;0;0;ATÉ 30 DIAS;0;0;0;0;0;0;0;0;0;0;0;1;SINISTRO FATAL
41738;80504;8248;2016;DEL.SEC.MARÍLIA PLANTÃO;2016-08-17 00:00:00;17;8;2016;2016/08;QUARTA;17;TARDE;MARILIA;MARÍLIA;SP 294;445,25;ESTADUAL;CONCESSIONÁRIA-ARTESP;EIXOSP - PIPA;PUBLICO;-22,23007848;-49,91473329;RODOVIAS;0;0;0;0;1;0;0;0;ATÉ 30 DIAS;0;0;0;0;0;0;0;0;0;0;0;1;SINISTRO FATAL
41889;80504;4324;2019;DEL.SEC.MARÍLIA PLANTÃO;2019-04-30 00:00:00;30;4;2019;2019/04;TERÇA;0;NAO DISPONIVEL;MARILIA;MARÍLIA;SP 294;442,5;ESTADUAL;CONCESSIONÁRIA-ARTESP;EIXOSP - PIPA;PUBLICO;-22,22348826;-49,88505221;RODOVIAS;1;0;0;0;0;0;0;1;ATÉ 30 DIAS;1;0;0;0;0;0;0;0;0;0;0;1;SINISTRO FATAL
41909;80504;4325;2022;DEL.SEC.MARÍLIA PLANTÃO;2022-05-22 00:00:00;22;5;2022;2022/05;DOMINGO;20;NOITE;MARILIA;MARÍLIA;SP 294;450,2;ESTADUAL;CONCESSIONÁRIA-ARTESP;EIXOSP - PIPA;PUBLICO;-22,22886157;-49,96283384;RODOVIAS;0;1;0;0;0;0;0;0;ATÉ 30 DIAS;0;0;0;1;0;0;0;0;0;0;0;1;SINISTRO FATAL
42312;80504;1002680178;2022;DEL.SEC.MARÍLIA PLANTÃO;2022-09-20 00:00:00;20;9;2022;2022/09;TERÇA;19;NOITE;MARILIA;MARÍLIA;SP 294;454;ESTADUAL;CONCESSIONÁRIA-ARTESP;ENTREVIAS;PUBLICO;-22,21241291;-49,96377318;RODOVIAS;1;1;0;0;0;0;0;0;ATÉ 30 DIAS;1;0;0;0;0;0;0;0;0;0;0;1;SINISTRO FATAL
42462;80504;1003576050;2022;DEL.SEC.MARÍLIA PLANTÃO;2022-12-03 00:00:00;3;12;2022;2022/12;SÁBADO;23;NOITE;MARILIA;MARÍLIA;RUA CORONEL MOREIRA CÉSAR;225;MUNICIPAL;PREFEITURA;PREFEITURA;PUBLICO;-22,24544295;-49,93263745;VIAS MUNICIPAIS;0;0;0;0;1;0;0;1;ATÉ 30 DIAS;0;0;1;0;0;0;0;0;0;0;0;1;SINISTRO FATAL
42613;80504;10180;2016;DEL.SEC.MARÍLIA PLANTÃO;2016-10-11 00:00:00;11;10;2016;2016/10;TERÇA;21;NOITE;MARILIA;MARÍLIA;SP 333;314,2;ESTADUAL;CONCESSIONÁRIA-ARTESP;ENTREVIAS;PUBLICO;-22,08659669;-49,90028684;RODOVIAS;0;0;0;0;1;0;0;0;ATÉ 30 DIAS;0;0;0;0;0;0;0;0;0;0;0;1;SINISTRO FATAL
42666;80504;1849;2022;DEL.SEC.MARÍLIA PLANTÃO;2022-03-05 00:00:00;5;3;2022;2022/03;SÁBADO;19;NOITE;MARILIA;MARÍLIA;SP 294;463,6;ESTADUAL;CONCESSIONÁRIA-ARTESP;EIXOSP - PIPA;PUBLICO;-22,15720441;-50,01522617;RODOVIAS;0;0;0;1;1;0;0;0;ATÉ 30 DIAS;0;0;0;0;0;0;1;0;0;0;0;1;SINISTRO FATAL
42683;80504;4349;2015;DEL.SEC.MARÍLIA PLANTÃO;2015-04-30 00:00:00;30;4;2015;2015/04;QUINTA;9;MANHA;MARILIA;MARÍLIA;AVENIDA SAMPAIO VIDAL;0;MUNICIPAL;PREFEITURA;PREFEITURA;PUBLICO;-22,21985223;-49,94812879;VIAS MUNICIPAIS;1;0;0;0;0;0;0;0;ATÉ 30 DIAS;0;0;0;0;0;0;0;0;0;0;0;1;SINISTRO FATAL
42878;80504;976;2017;DEL.SEC.MARÍLIA PLANTÃO;2017-01-28 00:00:00;28;1;2017;2017/01;SÁBADO;14;TARDE;MARILIA;MARÍLIA;NAO DISPONIVEL;0;NAO DISPONIVEL;NAO DISPONIVEL;NAO DISPONIVEL;NAO DISPONIVEL;;;NAO DISPONIVEL;1;0;1;0;0;0;0;0;ATÉ 30 DIAS;0;0;0;0;0;0;0;0;0;0;0;1;SINISTRO FATAL
43065;80504;1003986056;2023;DEL.SEC.MARÍLIA PLANTÃO;2023-01-06 00:00:00;6;1;2023;2023/01;SEXTA;12;TARDE;MARILIA;MARÍLIA;SP 294;457;ESTADUAL;CONCESSIONÁRIA-ARTESP;ENTREVIAS;PUBLICO;-22,18732529;-49,96932424;RODOVIAS;0;1;0;1;0;0;0;0;ATÉ 30 DIAS;0;0;0;0;0;0;1;0;0;0;0;1;SINISTRO FATAL
43439;80504;6767;2020;DEL.SEC.MARÍLIA PLANTÃO;2020-09-17 00:00:00;17;9;2020;2020/09;QUINTA;1;MADRUGADA;MARILIA;MARÍLIA;RUA NOVE DE JULHO;2502;MUNICIPAL;PREFEITURA;PREFEITURA;PUBLICO;-22,221933;-49,960605;VIAS MUNICIPAIS;0;0;0;0;1;0;0;1;ATÉ 30 DIAS;0;0;0;0;0;0;0;0;0;1;0;1;SINISTRO FATAL
43446;80504;2805;2020;DEL.SEC.MARÍLIA PLANTÃO;2020-03-09 00:00:00;9;3;2020;2020/03;SEGUNDA;10;MANHA;MARILIA;MARÍLIA;BR 153;222;FEDERAL;CONCESSIONÁRIA-ANTT;TRANSBRASILIANA;PUBLICO;-22,01319682;-49,90957727;RODOVIAS;0;1;0;0;1;0;0;0;ATÉ 30 DIAS;0;0;0;1;0;0;0;0;0;0;0;1;SINISTRO FATAL
43619;80504;10132;2017;DEL.SEC.MARÍLIA PLANTÃO;2017-09-14 00:00:00;14;9;2017;2017/09;QUINTA;19;NOITE;MARILIA;MARÍLIA;AVENIDA RIO BRANCO;0;MUNICIPAL;PREFEITURA;PREFEITURA;PUBLICO;-22,221927;-49,952866;VIAS MUNICIPAIS;0;1;0;0;1;0;0;0;ATÉ 30 DIAS;0;0;0;0;0;0;0;0;0;0;0;1;SINISTRO FATAL
43719;80504;13989;2017;DEL.SEC.MARÍLIA PLANTÃO;2017-12-23 00:00:00;23;12;2017;2017/12;SÁBADO;15;TARDE;MARILIA;MARÍLIA;AVENIDA SAMPAIO VIDAL;1981;MUNICIPAL;PREFEITURA;PREFEITURA;PUBLICO;-22,239213;-49,93751;VIAS MUNICIPAIS;0;0;0;0;1;0;0;1;ATÉ 30 DIAS;0;0;0;0;0;0;0;0;0;0;0;1;SINISTRO FATAL
44017;80504;1855;2020;DEL.SEC.MARÍLIA PLANTÃO;2020-02-17 00:00:00;17;2;2020;2020/02;SEGUNDA;18;NOITE;MARILIA;MARÍLIA;RUA FLAUZINA MARTINS SIRIANE;26;MUNICIPAL;PREFEITURA;PREFEITURA;PUBLICO;-22,173948;-49,957195;VIAS MUNICIPAIS;0;1;0;0;0;0;0;1;ATÉ 30 DIAS;0;0;1;0;0;0;0;0;0;0;0;1;SINISTRO FATAL
44218;80504;1007685089;2023;DEL.SEC.MARÍLIA PLANTÃO;2023-10-28 00:00:00;28;10;2023;2023/10;SÁBADO;22;NOITE;MARILIA;MARÍLIA;SP 294;457;ESTADUAL;CONCESSIONÁRIA-ARTESP;ENTREVIAS;PUBLICO;-22,18732529;-49,96932424;RODOVIAS;0;1;0;0;1;0;0;0;ATÉ 30 DIAS;0;0;0;0;0;0;1;0;0;0;0;1;SINISTRO FATAL
44244;90104;381;2015;DEL.POL.FLÓRIDA PAULISTA;2015-10-06 00:00:00;6;10;2015;2015/10;TERÇA;20;NOITE;MARILIA;MARÍLIA;SP 294;611,8;ESTADUAL;CONCESSIONÁRIA-ARTESP;EIXOSP - PIPA;PUBLICO;-21,56878123;-51,20651666;RODOVIAS;0;1;0;0;0;0;0;0;ATÉ 30 DIAS;0;0;0;0;0;0;0;0;0;0;0;1;SINISTRO FATAL
44320;80504;5324;2017;DEL.SEC.MARÍLIA PLANTÃO;2017-05-15 00:00:00;15;5;2017;2017/05;SEGUNDA;9;MANHA;MARILIA;MARÍLIA;SP 294;465,9;ESTADUAL;CONCESSIONÁRIA-ARTESP;EIXOSP - PIPA;PUBLICO;-22,15757176;-50,02207189;RODOVIAS;0;1;0;0;1;0;0;0;ATÉ 30 DIAS;0;0;0;0;0;0;0;0;0;0;0;1;SINISTRO FATAL
44497;80504;1004586407;2023;DEL.SEC.MARÍLIA PLANTÃO;2023-02-24 00:00:00;24;2;2023;2023/02;SEXTA;7;MANHA;MARILIA;MARÍLIA;SP 333;352,421;ESTADUAL;CONCESSIONÁRIA-ARTESP;ENTREVIAS;PUBLICO;-22,32405809;-50,10304948;RODOVIAS;0;0;0;1;1;0;0;0;ATÉ 30 DIAS;0;0;0;1;0;0;0;0;0;0;0;1;SINISTRO FATAL
44701;80504;1010603289;2024;DEL.SEC.MARÍLIA PLANTÃO;2024-06-01 00:00:00;1;6;2024;2024/06;SÁBADO;7;MANHA;MARILIA;MARÍLIA;RUA AMÉRICA;672;MUNICIPAL;PREFEITURA;PREFEITURA;PUBLICO;-22,19500808;-49,95063401;VIAS MUNICIPAIS;0;1;0;0;0;0;0;1;ATÉ 30 DIAS;0;0;1;0;0;0;0;0;0;0;0;1;SINISTRO FATAL
45331;80504;1005673921;2023;DEL.SEC.MARÍLIA PLANTÃO;2023-05-22 00:00:00;22;5;2023;2023/05;SEGUNDA;6;MANHA;MARILIA;MARÍLIA;SP 333;320,8;ESTADUAL;CONCESSIONÁRIA-ARTESP;ENTREVIAS;PUBLICO;-22,12383629;-49,93288867;RODOVIAS;0;1;0;0;0;0;0;1;ATÉ 30 DIAS;0;0;1;0;0;0;0;0;0;0;0;1;SINISTRO FATAL
45559;80504;11914;2015;DEL.SEC.MARÍLIA PLANTÃO;2015-11-21 00:00:00;21;11;2015;2015/11;SÁBADO;0;NAO DISPONIVEL;MARILIA;MARÍLIA;RUA MONTE CARMELO;0;MUNICIPAL;PREFEITURA;PREFEITURA;PUBLICO;-22,2246357;-49,9397605;VIAS MUNICIPAIS;0;1;0;0;0;0;0;0;ATÉ 30 DIAS;0;0;0;0;0;0;0;0;0;0;0;1;SINISTRO FATAL
45689;80504;11075;2017;DEL.SEC.MARÍLIA PLANTÃO;2017-10-10 00:00:00;10;10;2017;2017/10;TERÇA;6;MANHA;MARILIA;MARÍLIA;SP 333;324,7;ESTADUAL;CONCESSIONÁRIA-ARTESP;ENTREVIAS;PUBLICO;-22,15559538;-49,95769474;RODOVIAS;1;0;0;1;0;0;0;0;ATÉ 30 DIAS;0;0;0;0;0;0;0;0;0;0;0;1;SINISTRO FATAL
45752;80504;10979;2016;DEL.SEC.MARÍLIA PLANTÃO;2016-11-03 00:00:00;3;11;2016;2016/11;QUINTA;23;NOITE;MARILIA;MARÍLIA;RUA LUCIA RASPANTE;15;MUNICIPAL;PREFEITURA;PREFEITURA;PUBLICO;-22,158344;-49,969892;VIAS MUNICIPAIS;1;0;0;0;0;0;0;0;ATÉ 30 DIAS;0;0;0;0;0;0;0;0;0;0;0;1;SINISTRO FATAL
46034;80504;98;2015;DEL.SEC.MARÍLIA PLANTÃO;2015-01-05 00:00:00;5;1;2015;2015/01;SEGUNDA;6;MANHA;MARILIA;MARÍLIA;RUA ILZA DE ASSIS PENITENTE;843;MUNICIPAL;PREFEITURA;PREFEITURA;PUBLICO;-22,15497007;-49,95995895;VIAS MUNICIPAIS;1;0;0;0;1;0;0;0;ATÉ 30 DIAS;1;0;0;0;0;0;0;0;0;0;0;1;SINISTRO FATAL
46727;80504;7786;2021;DEL.SEC.MARÍLIA PLANTÃO;2021-10-06 00:00:00;6;10;2021;2021/10;QUARTA;20;NOITE;MARILIA;MARÍLIA;SP 294;453,3;ESTADUAL;CONCESSIONÁRIA-ARTESP;ENTREVIAS;PUBLICO;-22,21820992;-49,96566456;RODOVIAS;1;1;0;0;0;0;0;0;ATÉ 30 DIAS;1;0;0;0;0;0;0;0;0;0;0;1;SINISTRO FATAL
46770;80504;1009404307;2024;DEL.SEC.MARÍLIA PLANTÃO;2024-03-06 00:00:00;6;3;2024;2024/03;QUARTA;14;TARDE;MARILIA;MARÍLIA;NAO DISPONIVEL;0;NAO DISPONIVEL;NAO DISPONIVEL;NAO DISPONIVEL;NAO DISPONIVEL;;;NAO DISPONIVEL;1;0;0;0;0;0;0;1;ATÉ 30 DIAS;1;0;0;0;0;0;0;0;0;0;0;1;SINISTRO FATAL
46818;80504;1422;2015;DEL.SEC.MARÍLIA PLANTÃO;2015-02-09 00:00:00;9;2;2015;2015/02;SEGUNDA;17;TARDE;MARILIA;MARÍLIA;BR 153;222,6;MUNICIPAL;PREFEITURA;PREFEITURA;PUBLICO;-22,02221662;-49,9075174;VIAS MUNICIPAIS;0;1;0;0;0;0;0;0;ATÉ 30 DIAS;0;0;0;0;0;0;0;0;0;0;0;1;SINISTRO FATAL
46848;80504;1420;2018;DEL.SEC.MARÍLIA PLANTÃO;2018-02-09 00:00:00;9;2;2018;2018/02;SEXTA;11;MANHA;MARILIA;MARÍLIA;RUA QUATRO DE ABRIL;0;MUNICIPAL;PREFEITURA;PREFEITURA;PUBLICO;-22,211804;-49,951605;VIAS MUNICIPAIS;1;1;0;0;0;0;0;0;ATÉ 30 DIAS;1;0;0;0;0;0;0;0;0;0;0;1;SINISTRO FATAL
46902;80504;12482;2017;DEL.SEC.MARÍLIA PLANTÃO;2017-11-16 00:00:00;16;11;2017;2017/11;QUINTA;13;TARDE;MARILIA;MARÍLIA;NAO DISPONIVEL;0;NAO DISPONIVEL;NAO DISPONIVEL;NAO DISPONIVEL;NAO DISPONIVEL;;;NAO DISPONIVEL;0;0;1;0;0;0;0;1;ATÉ 30 DIAS;0;0;0;0;0;0;0;0;0;0;0;1;SINISTRO FATAL
47301;100402;1038;2020;DEL.POL.BARRINHA;2020-10-07 00:00:00;7;10;2020;2020/10;QUARTA;13;TARDE;MARILIA;MARÍLIA;SP 333;327;ESTADUAL;CONCESSIONÁRIA-ARTESP;ENTREVIAS;PUBLICO;-22,17772044;-49,97134069;RODOVIAS;0;1;0;0;1;0;0;0;ATÉ 30 DIAS;0;0;0;0;0;0;0;1;0;0;0;1;SINISTRO FATAL
47623;80504;1007120196;2023;DEL.SEC.MARÍLIA PLANTÃO;2023-09-14 00:00:00;14;9;2023;2023/09;QUINTA;18;NOITE;MARILIA;MARÍLIA;RUA PERNAMBUCO;193;MUNICIPAL;PREFEITURA;PREFEITURA;PUBLICO;-22,21307443;-49,94660821;VIAS MUNICIPAIS;1;1;0;0;0;0;0;0;ATÉ 30 DIAS;1;0;0;0;0;0;0;0;0;0;0;1;SINISTRO FATAL
47659;80504;3841;2020;DEL.SEC.MARÍLIA PLANTÃO;2020-05-09 00:00:00;9;5;2020;2020/05;SÁBADO;16;TARDE;MARILIA;MARÍLIA;SP 333;324,7;ESTADUAL;CONCESSIONÁRIA-ARTESP;ENTREVIAS;PUBLICO;-22,15301064;-49,95617747;RODOVIAS;1;1;0;0;0;0;0;0;ATÉ 30 DIAS;1;0;0;0;0;0;0;0;0;0;0;1;SINISTRO FATAL
47662;80504;3841;2021;DEL.SEC.MARÍLIA PLANTÃO;2021-05-22 00:00:00;22;5;2021;2021/05;SÁBADO;23;NOITE;MARILIA;MARÍLIA;SP 294;445,8;ESTADUAL;CONCESSIONÁRIA-ARTESP;EIXOSP - PIPA;PUBLICO;-22,23127995;-49,92051537;RODOVIAS;0;1;0;0;1;0;0;0;ATÉ 30 DIAS;0;0;0;1;0;0;0;0;0;0;0;1;SINISTRO FATAL
47845;80504;8736;2015;DEL.SEC.MARÍLIA PLANTÃO;2015-08-28 00:00:00;28;8;2015;2015/08;SEXTA;23;NOITE;MARILIA;MARÍLIA;RUA JOAQUIM BARRETO;0;MUNICIPAL;PREFEITURA;PREFEITURA;PUBLICO;-22,23820979;-49,93266569;VIAS MUNICIPAIS;0;0;0;0;1;0;0;0;ATÉ 30 DIAS;0;0;0;0;0;0;0;0;0;0;0;1;SINISTRO FATAL
48138;80504;1005297680;2023;DEL.SEC.MARÍLIA PLANTÃO;2023-04-20 00:00:00;20;4;2023;2023/04;QUINTA;20;NOITE;MARILIA;MARÍLIA;SP 333;352,94;ESTADUAL;CONCESSIONÁRIA-ARTESP;ENTREVIAS;PUBLICO;-22,32758502;-50,10634113;RODOVIAS;0;1;0;1;0;0;0;0;ATÉ 30 DIAS;0;0;0;1;0;0;0;0;0;0;0;2;SINISTRO FATAL
48276;80504;12090;2017;DEL.SEC.MARÍLIA PLANTÃO;2017-11-05 00:00:00;5;11;2017;2017/11;DOMINGO;23;NOITE;MARILIA;MARÍLIA;RUA HERMES DA FONSECA;2251;MUNICIPAL;PREFEITURA;PREFEITURA;PUBLICO;-22,178507;-49,956835;VIAS MUNICIPAIS;0;0;0;0;1;0;0;1;ATÉ 30 DIAS;0;0;0;0;0;0;0;0;0;0;0;1;SINISTRO FATAL
48343;80504;8764;2016;DEL.SEC.MARÍLIA PLANTÃO;2016-08-31 00:00:00;31;8;2016;2016/08;QUARTA;16;TARDE;MARILIA;MARÍLIA;NAO DISPONIVEL;0;NAO DISPONIVEL;NAO DISPONIVEL;NAO DISPONIVEL;NAO DISPONIVEL;;;NAO DISPONIVEL;0;0;0;0;1;0;0;0;ATÉ 30 DIAS;0;0;0;0;0;0;0;0;0;0;0;1;SINISTRO FATAL
48523;100907;739;2018;DEL.SEC.SERTÃOZINHO PLANTÃO;2018-03-03 00:00:00;3;3;2018;2018/03;SÁBADO;5;MADRUGADA;MARILIA;MARÍLIA;SP 333;334,6;ESTADUAL;CONCESSIONÁRIA-ARTESP;ENTREVIAS;PUBLICO;-22,23973889;-49,97600573;RODOVIAS;0;0;0;1;1;0;0;0;ATÉ 30 DIAS;0;0;0;0;0;0;1;0;0;0;0;1;SINISTRO FATAL
48672;80504;6358;2019;DEL.SEC.MARÍLIA PLANTÃO;2019-06-20 00:00:00;20;6;2019;2019/06;QUINTA;3;MADRUGADA;MARILIA;MARÍLIA;AVENIDA SANCHES CIBANTOS;0;MUNICIPAL;PREFEITURA;PREFEITURA;PUBLICO;;;VIAS MUNICIPAIS;0;0;0;0;1;0;0;1;ATÉ 30 DIAS;0;0;1;0;0;0;0;0;0;0;0;1;SINISTRO FATAL
48749;80504;1010286144;2024;DEL.SEC.MARÍLIA PLANTÃO;2024-05-09 00:00:00;9;5;2024;2024/05;QUINTA;20;NOITE;MARILIA;MARÍLIA;SP 294;457,3;ESTADUAL;CONCESSIONÁRIA-ARTESP;ENTREVIAS;PUBLICO;-22,18518474;-49,97083782;RODOVIAS;0;1;0;0;1;0;0;0;ATÉ 30 DIAS;0;0;0;0;0;0;1;0;0;0;0;1;SINISTRO FATAL
48808;80504;13034;2015;DEL.SEC.MARÍLIA PLANTÃO;2015-12-24 00:00:00;24;12;2015;2015/12;QUINTA;2;MADRUGADA;MARILIA;MARÍLIA;SP 294;443;ESTADUAL;CONCESSIONÁRIA-ARTESP;EIXOSP - PIPA;PUBLICO;-22,22468208;-49,89038889;RODOVIAS;0;0;0;0;1;0;0;0;ATÉ 30 DIAS;0;0;0;0;0;0;0;0;0;0;0;1;SINISTRO FATAL
49139;80504;7322;2015;DEL.SEC.MARÍLIA PLANTÃO;2015-07-23 00:00:00;23;7;2015;2015/07;QUINTA;10;MANHA;MARILIA;MARÍLIA;AVENIDA RIO BRANCO;0;MUNICIPAL;PREFEITURA;PREFEITURA;PUBLICO;-22,22052854;-49,94838993;VIAS MUNICIPAIS;0;0;0;0;1;0;0;0;ATÉ 30 DIAS;0;0;0;0;0;0;0;0;0;0;0;1;SINISTRO FATAL
49232;80504;4820;2017;DEL.SEC.MARÍLIA PLANTÃO;2017-05-03 00:00:00;3;5;2017;2017/05;QUARTA;7;MANHA;MARILIA;MARÍLIA;SP 294;461,7;ESTADUAL;CONCESSIONÁRIA-ARTESP;EIXOSP - PIPA;PUBLICO;-22,15977637;-49,99819794;RODOVIAS;0;1;0;1;0;0;0;0;ATÉ 30 DIAS;0;0;0;0;0;0;0;0;0;0;0;1;SINISTRO FATAL
49284;80504;1005220338;2023;DEL.SEC.MARÍLIA PLANTÃO;2023-04-14 00:00:00;14;4;2023;2023/04;SEXTA;13;TARDE;MARILIA;MARÍLIA;BR 153;215,65;FEDERAL;CONCESSIONÁRIA-ANTT;TRANSBRASILIANA;PUBLICO;-22,06159569;-49,90204835;RODOVIAS;0;1;0;1;0;0;0;0;ATÉ 30 DIAS;0;0;0;1;0;0;0;0;0;0;0;2;SINISTRO FATAL
49588;80504;6374;2015;DEL.SEC.MARÍLIA PLANTÃO;2015-06-25 00:00:00;25;6;2015;2015/06;QUINTA;7;MANHA;MARILIA;MARÍLIA;RUA VINTE E QUATRO DE DEZEMBRO;0;MUNICIPAL;PREFEITURA;PREFEITURA;PUBLICO;-22,22397513;-49,95040793;VIAS MUNICIPAIS;0;0;0;0;1;0;0;0;ATÉ 30 DIAS;0;0;0;0;0;0;0;0;0;0;0;1;SINISTRO FATAL
49594;80504;11978;2019;DEL.SEC.MARÍLIA PLANTÃO;2019-11-13 00:00:00;13;11;2019;2019/11;QUARTA;19;NOITE;MARILIA;MARÍLIA;SP 294;456;ESTADUAL;CONCESSIONÁRIA-ARTESP;ENTREVIAS;PUBLICO;-22,19528214;-49,96601416;RODOVIAS;1;1;0;0;0;0;0;0;ATÉ 30 DIAS;1;0;0;0;0;0;0;0;0;0;0;1;SINISTRO FATAL
49661;80504;4810;2017;DEL.SEC.MARÍLIA PLANTÃO;2017-04-26 00:00:00;26;4;2017;2017/04;QUARTA;1;MADRUGADA;MARILIA;MARÍLIA;NAO DISPONIVEL;0;NAO DISPONIVEL;NAO DISPONIVEL;NAO DISPONIVEL;PUBLICO;;;NAO DISPONIVEL;1;0;1;0;0;0;0;0;ATÉ 30 DIAS;0;0;0;0;0;0;0;0;0;0;0;1;SINISTRO FATAL
50452;80504;4838;2016;DEL.SEC.MARÍLIA PLANTÃO;2016-05-15 00:00:00;15;5;2016;2016/05;DOMINGO;18;NOITE;MARILIA;MARÍLIA;SPA 458/294;456;MUNICIPAL;PREFEITURA;PREFEITURA;PUBLICO;-22,18080311;-49,97248708;VIAS MUNICIPAIS;0;0;1;0;0;0;0;0;ATÉ 30 DIAS;0;0;0;0;0;0;0;0;0;0;0;1;SINISTRO FATAL
